ARM GAS  C:\Users\29928\AppData\Local\Temp\ccFg793O.s 			page 1


   1              		.syntax unified
   2              		.cpu cortex-m0plus
   3              		.fpu softvfp
   4              		.eabi_attribute 20, 1
   5              		.eabi_attribute 21, 1
   6              		.eabi_attribute 23, 3
   7              		.eabi_attribute 24, 1
   8              		.eabi_attribute 25, 1
   9              		.eabi_attribute 26, 1
  10              		.eabi_attribute 30, 1
  11              		.eabi_attribute 34, 0
  12              		.eabi_attribute 18, 4
  13              		.thumb
  14              		.syntax unified
  15              		.file	"main_cm0p.c"
  16              		.text
  17              	.Ltext0:
  18              		.cfi_sections	.debug_frame
  19              		.section	.text.main,"ax",%progbits
  20              		.align	2
  21              		.global	main
  22              		.code	16
  23              		.thumb_func
  24              		.type	main, %function
  25              	main:
  26              	.LFB549:
  27              		.file 1 "main_cm0p.c"
   1:main_cm0p.c   **** /* ========================================
   2:main_cm0p.c   ****  *
   3:main_cm0p.c   ****  * Copyright Carnegie Mellon University, 2024
   4:main_cm0p.c   ****  * All Rights Reserved
   5:main_cm0p.c   ****  * UNPUBLISHED, LICENSED SOFTWARE.
   6:main_cm0p.c   ****  *
   7:main_cm0p.c   ****  * CONFIDENTIAL AND PROPRIETARY INFORMATION
   8:main_cm0p.c   ****  * WHICH IS THE PROPERTY OF Carnegie Mellon University.
   9:main_cm0p.c   ****  *
  10:main_cm0p.c   ****  * ========================================
  11:main_cm0p.c   **** */
  12:main_cm0p.c   **** 
  13:main_cm0p.c   **** #include "project.h"
  14:main_cm0p.c   **** #include "cy_crypto_server.h"
  15:main_cm0p.c   **** 
  16:main_cm0p.c   **** /* Macros to configure the Crypto block */
  17:main_cm0p.c   **** /* IPC data channel for the Crypto */
  18:main_cm0p.c   **** #define MY_CHAN_CRYPTO         				(uint32_t)(3u)
  19:main_cm0p.c   **** /* IPC interrupt structure for the Crypto server */
  20:main_cm0p.c   **** #define MY_INTR_CRYPTO_SRV     				(uint32_t)(1u)
  21:main_cm0p.c   **** /* IPC interrupt structure for the Crypto client */
  22:main_cm0p.c   **** #define MY_INTR_CRYPTO_CLI     				(uint32_t)(2u)
  23:main_cm0p.c   **** /* CM0+ IPC interrupt mux number the Crypto server */
  24:main_cm0p.c   **** #define MY_INTR_CRYPTO_SRV_MUX 				(IRQn_Type)(2u)
  25:main_cm0p.c   ****  /* CM0+ IPC interrupt mux number the Crypto client */
  26:main_cm0p.c   **** #define MY_INTR_CRYPTO_CLI_MUX 				(IRQn_Type)(3u)
  27:main_cm0p.c   **** /* CM0+ ERROR interrupt mux number the Crypto server */
  28:main_cm0p.c   **** #define MY_INTR_CRYPTO_ERR_MUX 				(IRQn_Type)(4u)
  29:main_cm0p.c   **** 
  30:main_cm0p.c   **** /* Variables to store Crypto internal states */
ARM GAS  C:\Users\29928\AppData\Local\Temp\ccFg793O.s 			page 2


  31:main_cm0p.c   **** cy_stc_crypto_server_context_t cryptoServerContext;
  32:main_cm0p.c   **** cy_en_crypto_status_t           cryptoStatus;
  33:main_cm0p.c   **** 
  34:main_cm0p.c   **** /* Crypto configuration structure */
  35:main_cm0p.c   **** const cy_stc_crypto_config_t cryptoConfig =
  36:main_cm0p.c   **** {
  37:main_cm0p.c   ****     /* .ipcChannel             */ MY_CHAN_CRYPTO,
  38:main_cm0p.c   ****     /* .acquireNotifierChannel */ MY_INTR_CRYPTO_SRV,
  39:main_cm0p.c   ****     /* .releaseNotifierChannel */ MY_INTR_CRYPTO_CLI,
  40:main_cm0p.c   ****     /* .releaseNotifierConfig */ {
  41:main_cm0p.c   ****     #if (CY_CPU_CORTEX_M0P)
  42:main_cm0p.c   ****         /* .intrSrc            */ MY_INTR_CRYPTO_CLI_MUX,
  43:main_cm0p.c   ****         /* .cm0pSrc            */ cpuss_interrupts_ipc_2_IRQn, /* depends on selected releaseNotifi
  44:main_cm0p.c   ****     #else
  45:main_cm0p.c   ****         /* .intrSrc            */ cpuss_interrupts_ipc_2_IRQn, /* depends on selected releaseNotifi
  46:main_cm0p.c   ****     #endif
  47:main_cm0p.c   ****         /* .intrPriority       */ 2u,
  48:main_cm0p.c   ****     },
  49:main_cm0p.c   ****     /* .userCompleteCallback   */ NULL,
  50:main_cm0p.c   ****     /* .userGetDataHandler     */ NULL,
  51:main_cm0p.c   ****     /* .userErrorHandler       */ NULL,
  52:main_cm0p.c   ****     /* .acquireNotifierConfig */ {
  53:main_cm0p.c   ****     #if (CY_CPU_CORTEX_M0P)
  54:main_cm0p.c   ****         /* .intrSrc            */ MY_INTR_CRYPTO_SRV_MUX,      /* to use with DeepSleep mode should
  55:main_cm0p.c   ****         /* .cm0pSrc            */ cpuss_interrupts_ipc_1_IRQn, /* depends on selected acquireNotifi
  56:main_cm0p.c   ****     #else
  57:main_cm0p.c   ****         /* .intrSrc            */ cpuss_interrupts_ipc_1_IRQn, /* depends on selected acquireNotifi
  58:main_cm0p.c   ****     #endif
  59:main_cm0p.c   ****         /* .intrPriority       */ 2u,
  60:main_cm0p.c   ****     },
  61:main_cm0p.c   ****     /* .cryptoErrorIntrConfig */ {
  62:main_cm0p.c   ****     #if (CY_CPU_CORTEX_M0P)
  63:main_cm0p.c   ****         /* .intrSrc            */ MY_INTR_CRYPTO_ERR_MUX,
  64:main_cm0p.c   ****         /* .cm0pSrc            */ cpuss_interrupt_crypto_IRQn,
  65:main_cm0p.c   ****     #else
  66:main_cm0p.c   ****         /* .intrSrc            */ cpuss_interrupt_crypto_IRQn,
  67:main_cm0p.c   ****     #endif
  68:main_cm0p.c   ****         /* .intrPriority       */ 2u,
  69:main_cm0p.c   ****     }
  70:main_cm0p.c   **** };
  71:main_cm0p.c   **** 
  72:main_cm0p.c   **** /**
  73:main_cm0p.c   ****  * @brief main function
  74:main_cm0p.c   **** */
  75:main_cm0p.c   **** int main(void) {
  28              		.loc 1 75 0
  29              		.cfi_startproc
  30              		@ Volatile: function does not return.
  31              		@ args = 0, pretend = 0, frame = 0
  32              		@ frame_needed = 0, uses_anonymous_args = 0
  33 0000 10B5     		push	{r4, lr}
  34              		.cfi_def_cfa_offset 8
  35              		.cfi_offset 4, -8
  36              		.cfi_offset 14, -4
  37              	.LBB4:
  38              	.LBB5:
  39              		.file 2 "Generated_Source\\PSoC6\\pdl\\cmsis/include/cmsis_gcc.h"
ARM GAS  C:\Users\29928\AppData\Local\Temp\ccFg793O.s 			page 3


   1:Generated_Source\PSoC6\pdl\cmsis/include/cmsis_gcc.h **** /**************************************************************************//**
   2:Generated_Source\PSoC6\pdl\cmsis/include/cmsis_gcc.h ****  * @file     cmsis_gcc.h
   3:Generated_Source\PSoC6\pdl\cmsis/include/cmsis_gcc.h ****  * @brief    CMSIS compiler GCC header file
   4:Generated_Source\PSoC6\pdl\cmsis/include/cmsis_gcc.h ****  * @version  V5.0.3
   5:Generated_Source\PSoC6\pdl\cmsis/include/cmsis_gcc.h ****  * @date     16. January 2018
   6:Generated_Source\PSoC6\pdl\cmsis/include/cmsis_gcc.h ****  ******************************************************************************/
   7:Generated_Source\PSoC6\pdl\cmsis/include/cmsis_gcc.h **** /*
   8:Generated_Source\PSoC6\pdl\cmsis/include/cmsis_gcc.h ****  * Copyright (c) 2009-2017 ARM Limited. All rights reserved.
   9:Generated_Source\PSoC6\pdl\cmsis/include/cmsis_gcc.h ****  *
  10:Generated_Source\PSoC6\pdl\cmsis/include/cmsis_gcc.h ****  * SPDX-License-Identifier: Apache-2.0
  11:Generated_Source\PSoC6\pdl\cmsis/include/cmsis_gcc.h ****  *
  12:Generated_Source\PSoC6\pdl\cmsis/include/cmsis_gcc.h ****  * Licensed under the Apache License, Version 2.0 (the License); you may
  13:Generated_Source\PSoC6\pdl\cmsis/include/cmsis_gcc.h ****  * not use this file except in compliance with the License.
  14:Generated_Source\PSoC6\pdl\cmsis/include/cmsis_gcc.h ****  * You may obtain a copy of the License at
  15:Generated_Source\PSoC6\pdl\cmsis/include/cmsis_gcc.h ****  *
  16:Generated_Source\PSoC6\pdl\cmsis/include/cmsis_gcc.h ****  * www.apache.org/licenses/LICENSE-2.0
  17:Generated_Source\PSoC6\pdl\cmsis/include/cmsis_gcc.h ****  *
  18:Generated_Source\PSoC6\pdl\cmsis/include/cmsis_gcc.h ****  * Unless required by applicable law or agreed to in writing, software
  19:Generated_Source\PSoC6\pdl\cmsis/include/cmsis_gcc.h ****  * distributed under the License is distributed on an AS IS BASIS, WITHOUT
  20:Generated_Source\PSoC6\pdl\cmsis/include/cmsis_gcc.h ****  * WARRANTIES OR CONDITIONS OF ANY KIND, either express or implied.
  21:Generated_Source\PSoC6\pdl\cmsis/include/cmsis_gcc.h ****  * See the License for the specific language governing permissions and
  22:Generated_Source\PSoC6\pdl\cmsis/include/cmsis_gcc.h ****  * limitations under the License.
  23:Generated_Source\PSoC6\pdl\cmsis/include/cmsis_gcc.h ****  */
  24:Generated_Source\PSoC6\pdl\cmsis/include/cmsis_gcc.h **** 
  25:Generated_Source\PSoC6\pdl\cmsis/include/cmsis_gcc.h **** #ifndef __CMSIS_GCC_H
  26:Generated_Source\PSoC6\pdl\cmsis/include/cmsis_gcc.h **** #define __CMSIS_GCC_H
  27:Generated_Source\PSoC6\pdl\cmsis/include/cmsis_gcc.h **** 
  28:Generated_Source\PSoC6\pdl\cmsis/include/cmsis_gcc.h **** /* ignore some GCC warnings */
  29:Generated_Source\PSoC6\pdl\cmsis/include/cmsis_gcc.h **** #pragma GCC diagnostic push
  30:Generated_Source\PSoC6\pdl\cmsis/include/cmsis_gcc.h **** #pragma GCC diagnostic ignored "-Wsign-conversion"
  31:Generated_Source\PSoC6\pdl\cmsis/include/cmsis_gcc.h **** #pragma GCC diagnostic ignored "-Wconversion"
  32:Generated_Source\PSoC6\pdl\cmsis/include/cmsis_gcc.h **** #pragma GCC diagnostic ignored "-Wunused-parameter"
  33:Generated_Source\PSoC6\pdl\cmsis/include/cmsis_gcc.h **** 
  34:Generated_Source\PSoC6\pdl\cmsis/include/cmsis_gcc.h **** /* Fallback for __has_builtin */
  35:Generated_Source\PSoC6\pdl\cmsis/include/cmsis_gcc.h **** #ifndef __has_builtin
  36:Generated_Source\PSoC6\pdl\cmsis/include/cmsis_gcc.h ****   #define __has_builtin(x) (0)
  37:Generated_Source\PSoC6\pdl\cmsis/include/cmsis_gcc.h **** #endif
  38:Generated_Source\PSoC6\pdl\cmsis/include/cmsis_gcc.h **** 
  39:Generated_Source\PSoC6\pdl\cmsis/include/cmsis_gcc.h **** /* CMSIS compiler specific defines */
  40:Generated_Source\PSoC6\pdl\cmsis/include/cmsis_gcc.h **** #ifndef   __ASM
  41:Generated_Source\PSoC6\pdl\cmsis/include/cmsis_gcc.h ****   #define __ASM                                  __asm
  42:Generated_Source\PSoC6\pdl\cmsis/include/cmsis_gcc.h **** #endif
  43:Generated_Source\PSoC6\pdl\cmsis/include/cmsis_gcc.h **** #ifndef   __INLINE
  44:Generated_Source\PSoC6\pdl\cmsis/include/cmsis_gcc.h ****   #define __INLINE                               inline
  45:Generated_Source\PSoC6\pdl\cmsis/include/cmsis_gcc.h **** #endif
  46:Generated_Source\PSoC6\pdl\cmsis/include/cmsis_gcc.h **** #ifndef   __STATIC_INLINE
  47:Generated_Source\PSoC6\pdl\cmsis/include/cmsis_gcc.h ****   #define __STATIC_INLINE                        static inline
  48:Generated_Source\PSoC6\pdl\cmsis/include/cmsis_gcc.h **** #endif
  49:Generated_Source\PSoC6\pdl\cmsis/include/cmsis_gcc.h **** #ifndef   __STATIC_FORCEINLINE                 
  50:Generated_Source\PSoC6\pdl\cmsis/include/cmsis_gcc.h ****   #define __STATIC_FORCEINLINE                   __attribute__((always_inline)) static inline
  51:Generated_Source\PSoC6\pdl\cmsis/include/cmsis_gcc.h **** #endif                                           
  52:Generated_Source\PSoC6\pdl\cmsis/include/cmsis_gcc.h **** #ifndef   __NO_RETURN
  53:Generated_Source\PSoC6\pdl\cmsis/include/cmsis_gcc.h ****   #define __NO_RETURN                            __attribute__((__noreturn__))
  54:Generated_Source\PSoC6\pdl\cmsis/include/cmsis_gcc.h **** #endif
  55:Generated_Source\PSoC6\pdl\cmsis/include/cmsis_gcc.h **** #ifndef   __USED
  56:Generated_Source\PSoC6\pdl\cmsis/include/cmsis_gcc.h ****   #define __USED                                 __attribute__((used))
  57:Generated_Source\PSoC6\pdl\cmsis/include/cmsis_gcc.h **** #endif
ARM GAS  C:\Users\29928\AppData\Local\Temp\ccFg793O.s 			page 4


  58:Generated_Source\PSoC6\pdl\cmsis/include/cmsis_gcc.h **** #ifndef   __WEAK
  59:Generated_Source\PSoC6\pdl\cmsis/include/cmsis_gcc.h ****   #define __WEAK                                 __attribute__((weak))
  60:Generated_Source\PSoC6\pdl\cmsis/include/cmsis_gcc.h **** #endif
  61:Generated_Source\PSoC6\pdl\cmsis/include/cmsis_gcc.h **** #ifndef   __PACKED
  62:Generated_Source\PSoC6\pdl\cmsis/include/cmsis_gcc.h ****   #define __PACKED                               __attribute__((packed, aligned(1)))
  63:Generated_Source\PSoC6\pdl\cmsis/include/cmsis_gcc.h **** #endif
  64:Generated_Source\PSoC6\pdl\cmsis/include/cmsis_gcc.h **** #ifndef   __PACKED_STRUCT
  65:Generated_Source\PSoC6\pdl\cmsis/include/cmsis_gcc.h ****   #define __PACKED_STRUCT                        struct __attribute__((packed, aligned(1)))
  66:Generated_Source\PSoC6\pdl\cmsis/include/cmsis_gcc.h **** #endif
  67:Generated_Source\PSoC6\pdl\cmsis/include/cmsis_gcc.h **** #ifndef   __PACKED_UNION
  68:Generated_Source\PSoC6\pdl\cmsis/include/cmsis_gcc.h ****   #define __PACKED_UNION                         union __attribute__((packed, aligned(1)))
  69:Generated_Source\PSoC6\pdl\cmsis/include/cmsis_gcc.h **** #endif
  70:Generated_Source\PSoC6\pdl\cmsis/include/cmsis_gcc.h **** #ifndef   __UNALIGNED_UINT32        /* deprecated */
  71:Generated_Source\PSoC6\pdl\cmsis/include/cmsis_gcc.h ****   #pragma GCC diagnostic push
  72:Generated_Source\PSoC6\pdl\cmsis/include/cmsis_gcc.h ****   #pragma GCC diagnostic ignored "-Wpacked"
  73:Generated_Source\PSoC6\pdl\cmsis/include/cmsis_gcc.h ****   #pragma GCC diagnostic ignored "-Wattributes"
  74:Generated_Source\PSoC6\pdl\cmsis/include/cmsis_gcc.h ****   struct __attribute__((packed)) T_UINT32 { uint32_t v; };
  75:Generated_Source\PSoC6\pdl\cmsis/include/cmsis_gcc.h ****   #pragma GCC diagnostic pop
  76:Generated_Source\PSoC6\pdl\cmsis/include/cmsis_gcc.h ****   #define __UNALIGNED_UINT32(x)                  (((struct T_UINT32 *)(x))->v)
  77:Generated_Source\PSoC6\pdl\cmsis/include/cmsis_gcc.h **** #endif
  78:Generated_Source\PSoC6\pdl\cmsis/include/cmsis_gcc.h **** #ifndef   __UNALIGNED_UINT16_WRITE
  79:Generated_Source\PSoC6\pdl\cmsis/include/cmsis_gcc.h ****   #pragma GCC diagnostic push
  80:Generated_Source\PSoC6\pdl\cmsis/include/cmsis_gcc.h ****   #pragma GCC diagnostic ignored "-Wpacked"
  81:Generated_Source\PSoC6\pdl\cmsis/include/cmsis_gcc.h ****   #pragma GCC diagnostic ignored "-Wattributes"
  82:Generated_Source\PSoC6\pdl\cmsis/include/cmsis_gcc.h ****   __PACKED_STRUCT T_UINT16_WRITE { uint16_t v; };
  83:Generated_Source\PSoC6\pdl\cmsis/include/cmsis_gcc.h ****   #pragma GCC diagnostic pop
  84:Generated_Source\PSoC6\pdl\cmsis/include/cmsis_gcc.h ****   #define __UNALIGNED_UINT16_WRITE(addr, val)    (void)((((struct T_UINT16_WRITE *)(void *)(addr))-
  85:Generated_Source\PSoC6\pdl\cmsis/include/cmsis_gcc.h **** #endif
  86:Generated_Source\PSoC6\pdl\cmsis/include/cmsis_gcc.h **** #ifndef   __UNALIGNED_UINT16_READ
  87:Generated_Source\PSoC6\pdl\cmsis/include/cmsis_gcc.h ****   #pragma GCC diagnostic push
  88:Generated_Source\PSoC6\pdl\cmsis/include/cmsis_gcc.h ****   #pragma GCC diagnostic ignored "-Wpacked"
  89:Generated_Source\PSoC6\pdl\cmsis/include/cmsis_gcc.h ****   #pragma GCC diagnostic ignored "-Wattributes"
  90:Generated_Source\PSoC6\pdl\cmsis/include/cmsis_gcc.h ****   __PACKED_STRUCT T_UINT16_READ { uint16_t v; };
  91:Generated_Source\PSoC6\pdl\cmsis/include/cmsis_gcc.h ****   #pragma GCC diagnostic pop
  92:Generated_Source\PSoC6\pdl\cmsis/include/cmsis_gcc.h ****   #define __UNALIGNED_UINT16_READ(addr)          (((const struct T_UINT16_READ *)(const void *)(add
  93:Generated_Source\PSoC6\pdl\cmsis/include/cmsis_gcc.h **** #endif
  94:Generated_Source\PSoC6\pdl\cmsis/include/cmsis_gcc.h **** #ifndef   __UNALIGNED_UINT32_WRITE
  95:Generated_Source\PSoC6\pdl\cmsis/include/cmsis_gcc.h ****   #pragma GCC diagnostic push
  96:Generated_Source\PSoC6\pdl\cmsis/include/cmsis_gcc.h ****   #pragma GCC diagnostic ignored "-Wpacked"
  97:Generated_Source\PSoC6\pdl\cmsis/include/cmsis_gcc.h ****   #pragma GCC diagnostic ignored "-Wattributes"
  98:Generated_Source\PSoC6\pdl\cmsis/include/cmsis_gcc.h ****   __PACKED_STRUCT T_UINT32_WRITE { uint32_t v; };
  99:Generated_Source\PSoC6\pdl\cmsis/include/cmsis_gcc.h ****   #pragma GCC diagnostic pop
 100:Generated_Source\PSoC6\pdl\cmsis/include/cmsis_gcc.h ****   #define __UNALIGNED_UINT32_WRITE(addr, val)    (void)((((struct T_UINT32_WRITE *)(void *)(addr))-
 101:Generated_Source\PSoC6\pdl\cmsis/include/cmsis_gcc.h **** #endif
 102:Generated_Source\PSoC6\pdl\cmsis/include/cmsis_gcc.h **** #ifndef   __UNALIGNED_UINT32_READ
 103:Generated_Source\PSoC6\pdl\cmsis/include/cmsis_gcc.h ****   #pragma GCC diagnostic push
 104:Generated_Source\PSoC6\pdl\cmsis/include/cmsis_gcc.h ****   #pragma GCC diagnostic ignored "-Wpacked"
 105:Generated_Source\PSoC6\pdl\cmsis/include/cmsis_gcc.h ****   #pragma GCC diagnostic ignored "-Wattributes"
 106:Generated_Source\PSoC6\pdl\cmsis/include/cmsis_gcc.h ****   __PACKED_STRUCT T_UINT32_READ { uint32_t v; };
 107:Generated_Source\PSoC6\pdl\cmsis/include/cmsis_gcc.h ****   #pragma GCC diagnostic pop
 108:Generated_Source\PSoC6\pdl\cmsis/include/cmsis_gcc.h ****   #define __UNALIGNED_UINT32_READ(addr)          (((const struct T_UINT32_READ *)(const void *)(add
 109:Generated_Source\PSoC6\pdl\cmsis/include/cmsis_gcc.h **** #endif
 110:Generated_Source\PSoC6\pdl\cmsis/include/cmsis_gcc.h **** #ifndef   __ALIGNED
 111:Generated_Source\PSoC6\pdl\cmsis/include/cmsis_gcc.h ****   #define __ALIGNED(x)                           __attribute__((aligned(x)))
 112:Generated_Source\PSoC6\pdl\cmsis/include/cmsis_gcc.h **** #endif
 113:Generated_Source\PSoC6\pdl\cmsis/include/cmsis_gcc.h **** #ifndef   __RESTRICT
 114:Generated_Source\PSoC6\pdl\cmsis/include/cmsis_gcc.h ****   #define __RESTRICT                             __restrict
ARM GAS  C:\Users\29928\AppData\Local\Temp\ccFg793O.s 			page 5


 115:Generated_Source\PSoC6\pdl\cmsis/include/cmsis_gcc.h **** #endif
 116:Generated_Source\PSoC6\pdl\cmsis/include/cmsis_gcc.h **** 
 117:Generated_Source\PSoC6\pdl\cmsis/include/cmsis_gcc.h **** 
 118:Generated_Source\PSoC6\pdl\cmsis/include/cmsis_gcc.h **** /* ###########################  Core Function Access  ########################### */
 119:Generated_Source\PSoC6\pdl\cmsis/include/cmsis_gcc.h **** /** \ingroup  CMSIS_Core_FunctionInterface
 120:Generated_Source\PSoC6\pdl\cmsis/include/cmsis_gcc.h ****     \defgroup CMSIS_Core_RegAccFunctions CMSIS Core Register Access Functions
 121:Generated_Source\PSoC6\pdl\cmsis/include/cmsis_gcc.h ****   @{
 122:Generated_Source\PSoC6\pdl\cmsis/include/cmsis_gcc.h ****  */
 123:Generated_Source\PSoC6\pdl\cmsis/include/cmsis_gcc.h **** 
 124:Generated_Source\PSoC6\pdl\cmsis/include/cmsis_gcc.h **** /**
 125:Generated_Source\PSoC6\pdl\cmsis/include/cmsis_gcc.h ****   \brief   Enable IRQ Interrupts
 126:Generated_Source\PSoC6\pdl\cmsis/include/cmsis_gcc.h ****   \details Enables IRQ interrupts by clearing the I-bit in the CPSR.
 127:Generated_Source\PSoC6\pdl\cmsis/include/cmsis_gcc.h ****            Can only be executed in Privileged modes.
 128:Generated_Source\PSoC6\pdl\cmsis/include/cmsis_gcc.h ****  */
 129:Generated_Source\PSoC6\pdl\cmsis/include/cmsis_gcc.h **** __STATIC_FORCEINLINE void __enable_irq(void)
 130:Generated_Source\PSoC6\pdl\cmsis/include/cmsis_gcc.h **** {
 131:Generated_Source\PSoC6\pdl\cmsis/include/cmsis_gcc.h ****   __ASM volatile ("cpsie i" : : : "memory");
  40              		.loc 2 131 0
  41              		.syntax divided
  42              	@ 131 "Generated_Source\PSoC6\pdl\cmsis/include/cmsis_gcc.h" 1
  43 0002 62B6     		cpsie i
  44              	@ 0 "" 2
  45              		.thumb
  46              		.syntax unified
  47              	.L2:
  48              	.LBE5:
  49              	.LBE4:
  76:main_cm0p.c   ****     
  77:main_cm0p.c   ****     __enable_irq(); /* Enable global interrupts. */
  78:main_cm0p.c   ****     
  79:main_cm0p.c   ****     /* Start Crypto server before enabling CM4. */
  80:main_cm0p.c   ****     while (Cy_Crypto_Server_Start(&cryptoConfig, &cryptoServerContext) != CY_CRYPTO_SUCCESS) {}
  50              		.loc 1 80 0 discriminator 1
  51 0004 0449     		ldr	r1, .L4
  52 0006 0548     		ldr	r0, .L4+4
  53 0008 FFF7FEFF 		bl	Cy_Crypto_Server_Start_Full
  54              	.LVL0:
  55 000c 0028     		cmp	r0, #0
  56 000e F9D1     		bne	.L2
  81:main_cm0p.c   ****     
  82:main_cm0p.c   ****     /* Enable CM4.  CY_CORTEX_M4_APPL_ADDR must be updated if CM4 memory layout is changed. */
  83:main_cm0p.c   ****     Cy_SysEnableCM4(CY_CORTEX_M4_APPL_ADDR); 
  57              		.loc 1 83 0
  58 0010 0348     		ldr	r0, .L4+8
  59 0012 FFF7FEFF 		bl	Cy_SysEnableCM4
  60              	.LVL1:
  61              	.L3:
  62 0016 FEE7     		b	.L3
  63              	.L5:
  64              		.align	2
  65              	.L4:
  66 0018 00000000 		.word	cryptoServerContext
  67 001c 00000000 		.word	.LANCHOR0
  68 0020 00000810 		.word	268959744
  69              		.cfi_endproc
  70              	.LFE549:
  71              		.size	main, .-main
ARM GAS  C:\Users\29928\AppData\Local\Temp\ccFg793O.s 			page 6


  72              		.global	cryptoConfig
  73              		.comm	cryptoStatus,4,4
  74              		.comm	cryptoServerContext,44,4
  75              		.section	.rodata
  76              		.align	2
  77              		.set	.LANCHOR0,. + 0
  78              		.type	cryptoConfig, %object
  79              		.size	cryptoConfig, 48
  80              	cryptoConfig:
  81 0000 03000000 		.word	3
  82 0004 01000000 		.word	1
  83 0008 02000000 		.word	2
  84 000c 0300     		.short	3
  85 000e 1B       		.byte	27
  86 000f 00       		.space	1
  87 0010 02000000 		.word	2
  88 0014 00000000 		.word	0
  89 0018 00000000 		.word	0
  90 001c 00000000 		.word	0
  91 0020 0200     		.short	2
  92 0022 1A       		.byte	26
  93 0023 00       		.space	1
  94 0024 02000000 		.word	2
  95 0028 0400     		.short	4
  96 002a 54       		.byte	84
  97 002b 00       		.space	1
  98 002c 02000000 		.word	2
  99              		.text
 100              	.Letext0:
 101              		.file 3 "Generated_Source\\PSoC6\\pdl\\devices/psoc6/include/cyble_416045_02.h"
 102              		.file 4 "c:\\program files (x86)\\cypress\\psoc creator\\4.4\\psoc creator\\import\\gnu\\arm\\5.4.
 103              		.file 5 "c:\\program files (x86)\\cypress\\psoc creator\\4.4\\psoc creator\\import\\gnu\\arm\\5.4.
 104              		.file 6 "Generated_Source\\PSoC6\\pdl\\drivers/peripheral/device/cy_device.h"
 105              		.file 7 "Generated_Source\\PSoC6\\pdl\\drivers/peripheral/syslib/cy_syslib.h"
 106              		.file 8 "Generated_Source\\PSoC6\\pdl\\drivers/peripheral/sysint/cy_sysint.h"
 107              		.file 9 "Generated_Source\\PSoC6\\pdl\\drivers/peripheral/crypto/cy_crypto_common.h"
 108              		.file 10 "Generated_Source\\PSoC6\\pdl\\drivers/peripheral/sar/cy_sar.h"
 109              		.file 11 "Generated_Source\\PSoC6\\pdl\\drivers/peripheral/scb/cy_scb_uart.h"
 110              		.file 12 "Generated_Source\\PSoC6\\pdl\\drivers/peripheral/tcpwm/cy_tcpwm_counter.h"
 111              		.file 13 "Generated_Source\\PSoC6/ADC.h"
 112              		.file 14 "Generated_Source\\PSoC6/UART.h"
 113              		.file 15 "Generated_Source\\PSoC6/Timer.h"
 114              		.file 16 "Generated_Source\\PSoC6/UART_1.h"
 115              		.file 17 "Generated_Source\\PSoC6\\pdl\\drivers/peripheral/crypto/cy_crypto_server.h"
 116              		.file 18 "./system_psoc6.h"
 117              		.section	.debug_info,"",%progbits
 118              	.Ldebug_info0:
 119 0000 1A100000 		.4byte	0x101a
 120 0004 0400     		.2byte	0x4
 121 0006 00000000 		.4byte	.Ldebug_abbrev0
 122 000a 04       		.byte	0x4
 123 000b 01       		.uleb128 0x1
 124 000c 8D0F0000 		.4byte	.LASF410
 125 0010 0C       		.byte	0xc
 126 0011 19040000 		.4byte	.LASF411
 127 0015 34100000 		.4byte	.LASF412
 128 0019 00000000 		.4byte	.Ldebug_ranges0+0
ARM GAS  C:\Users\29928\AppData\Local\Temp\ccFg793O.s 			page 7


 129 001d 00000000 		.4byte	0
 130 0021 00000000 		.4byte	.Ldebug_line0
 131 0025 02       		.uleb128 0x2
 132 0026 02       		.byte	0x2
 133 0027 1C010000 		.4byte	0x11c
 134 002b 03       		.byte	0x3
 135 002c 24       		.byte	0x24
 136 002d 1C010000 		.4byte	0x11c
 137 0031 03       		.uleb128 0x3
 138 0032 791C0000 		.4byte	.LASF0
 139 0036 71       		.sleb128 -15
 140 0037 03       		.uleb128 0x3
 141 0038 6E160000 		.4byte	.LASF1
 142 003c 72       		.sleb128 -14
 143 003d 03       		.uleb128 0x3
 144 003e D61C0000 		.4byte	.LASF2
 145 0042 73       		.sleb128 -13
 146 0043 03       		.uleb128 0x3
 147 0044 2D080000 		.4byte	.LASF3
 148 0048 7B       		.sleb128 -5
 149 0049 03       		.uleb128 0x3
 150 004a 9A040000 		.4byte	.LASF4
 151 004e 7E       		.sleb128 -2
 152 004f 03       		.uleb128 0x3
 153 0050 10190000 		.4byte	.LASF5
 154 0054 7F       		.sleb128 -1
 155 0055 04       		.uleb128 0x4
 156 0056 E8040000 		.4byte	.LASF6
 157 005a 00       		.byte	0
 158 005b 04       		.uleb128 0x4
 159 005c D21B0000 		.4byte	.LASF7
 160 0060 01       		.byte	0x1
 161 0061 04       		.uleb128 0x4
 162 0062 110A0000 		.4byte	.LASF8
 163 0066 02       		.byte	0x2
 164 0067 04       		.uleb128 0x4
 165 0068 101F0000 		.4byte	.LASF9
 166 006c 03       		.byte	0x3
 167 006d 04       		.uleb128 0x4
 168 006e 92130000 		.4byte	.LASF10
 169 0072 04       		.byte	0x4
 170 0073 04       		.uleb128 0x4
 171 0074 3F040000 		.4byte	.LASF11
 172 0078 05       		.byte	0x5
 173 0079 04       		.uleb128 0x4
 174 007a 1D190000 		.4byte	.LASF12
 175 007e 06       		.byte	0x6
 176 007f 04       		.uleb128 0x4
 177 0080 04070000 		.4byte	.LASF13
 178 0084 07       		.byte	0x7
 179 0085 04       		.uleb128 0x4
 180 0086 6C1E0000 		.4byte	.LASF14
 181 008a 08       		.byte	0x8
 182 008b 04       		.uleb128 0x4
 183 008c 18130000 		.4byte	.LASF15
 184 0090 09       		.byte	0x9
 185 0091 04       		.uleb128 0x4
ARM GAS  C:\Users\29928\AppData\Local\Temp\ccFg793O.s 			page 8


 186 0092 3C150000 		.4byte	.LASF16
 187 0096 0A       		.byte	0xa
 188 0097 04       		.uleb128 0x4
 189 0098 36090000 		.4byte	.LASF17
 190 009c 0B       		.byte	0xb
 191 009d 04       		.uleb128 0x4
 192 009e CC1A0000 		.4byte	.LASF18
 193 00a2 0C       		.byte	0xc
 194 00a3 04       		.uleb128 0x4
 195 00a4 2F0E0000 		.4byte	.LASF19
 196 00a8 0D       		.byte	0xd
 197 00a9 04       		.uleb128 0x4
 198 00aa F6020000 		.4byte	.LASF20
 199 00ae 0E       		.byte	0xe
 200 00af 04       		.uleb128 0x4
 201 00b0 E01B0000 		.4byte	.LASF21
 202 00b4 0F       		.byte	0xf
 203 00b5 04       		.uleb128 0x4
 204 00b6 4C020000 		.4byte	.LASF22
 205 00ba 10       		.byte	0x10
 206 00bb 04       		.uleb128 0x4
 207 00bc 621D0000 		.4byte	.LASF23
 208 00c0 11       		.byte	0x11
 209 00c1 04       		.uleb128 0x4
 210 00c2 E10D0000 		.4byte	.LASF24
 211 00c6 12       		.byte	0x12
 212 00c7 04       		.uleb128 0x4
 213 00c8 66020000 		.4byte	.LASF25
 214 00cc 13       		.byte	0x13
 215 00cd 04       		.uleb128 0x4
 216 00ce 910D0000 		.4byte	.LASF26
 217 00d2 14       		.byte	0x14
 218 00d3 04       		.uleb128 0x4
 219 00d4 B81B0000 		.4byte	.LASF27
 220 00d8 15       		.byte	0x15
 221 00d9 04       		.uleb128 0x4
 222 00da D20B0000 		.4byte	.LASF28
 223 00de 16       		.byte	0x16
 224 00df 04       		.uleb128 0x4
 225 00e0 69070000 		.4byte	.LASF29
 226 00e4 17       		.byte	0x17
 227 00e5 04       		.uleb128 0x4
 228 00e6 BC150000 		.4byte	.LASF30
 229 00ea 18       		.byte	0x18
 230 00eb 04       		.uleb128 0x4
 231 00ec F3050000 		.4byte	.LASF31
 232 00f0 19       		.byte	0x19
 233 00f1 04       		.uleb128 0x4
 234 00f2 431B0000 		.4byte	.LASF32
 235 00f6 1A       		.byte	0x1a
 236 00f7 04       		.uleb128 0x4
 237 00f8 B60E0000 		.4byte	.LASF33
 238 00fc 1B       		.byte	0x1b
 239 00fd 04       		.uleb128 0x4
 240 00fe 82000000 		.4byte	.LASF34
 241 0102 1C       		.byte	0x1c
 242 0103 04       		.uleb128 0x4
ARM GAS  C:\Users\29928\AppData\Local\Temp\ccFg793O.s 			page 9


 243 0104 17150000 		.4byte	.LASF35
 244 0108 1D       		.byte	0x1d
 245 0109 04       		.uleb128 0x4
 246 010a 06010000 		.4byte	.LASF36
 247 010e 1E       		.byte	0x1e
 248 010f 04       		.uleb128 0x4
 249 0110 D5090000 		.4byte	.LASF37
 250 0114 1F       		.byte	0x1f
 251 0115 04       		.uleb128 0x4
 252 0116 C50C0000 		.4byte	.LASF38
 253 011a F0       		.byte	0xf0
 254 011b 00       		.byte	0
 255 011c 05       		.uleb128 0x5
 256 011d 02       		.byte	0x2
 257 011e 05       		.byte	0x5
 258 011f 86030000 		.4byte	.LASF187
 259 0123 06       		.uleb128 0x6
 260 0124 77090000 		.4byte	.LASF189
 261 0128 03       		.byte	0x3
 262 0129 F4       		.byte	0xf4
 263 012a 25000000 		.4byte	0x25
 264 012e 02       		.uleb128 0x2
 265 012f 01       		.byte	0x1
 266 0130 B3040000 		.4byte	0x4b3
 267 0134 03       		.byte	0x3
 268 0135 FD       		.byte	0xfd
 269 0136 B3040000 		.4byte	0x4b3
 270 013a 04       		.uleb128 0x4
 271 013b 331E0000 		.4byte	.LASF39
 272 013f 00       		.byte	0
 273 0140 04       		.uleb128 0x4
 274 0141 C5120000 		.4byte	.LASF40
 275 0145 01       		.byte	0x1
 276 0146 04       		.uleb128 0x4
 277 0147 38030000 		.4byte	.LASF41
 278 014b 02       		.byte	0x2
 279 014c 04       		.uleb128 0x4
 280 014d F9170000 		.4byte	.LASF42
 281 0151 03       		.byte	0x3
 282 0152 04       		.uleb128 0x4
 283 0153 990B0000 		.4byte	.LASF43
 284 0157 04       		.byte	0x4
 285 0158 04       		.uleb128 0x4
 286 0159 911D0000 		.4byte	.LASF44
 287 015d 05       		.byte	0x5
 288 015e 04       		.uleb128 0x4
 289 015f DD110000 		.4byte	.LASF45
 290 0163 06       		.byte	0x6
 291 0164 04       		.uleb128 0x4
 292 0165 BA050000 		.4byte	.LASF46
 293 0169 07       		.byte	0x7
 294 016a 04       		.uleb128 0x4
 295 016b 87170000 		.4byte	.LASF47
 296 016f 08       		.byte	0x8
 297 0170 04       		.uleb128 0x4
 298 0171 140B0000 		.4byte	.LASF48
 299 0175 09       		.byte	0x9
ARM GAS  C:\Users\29928\AppData\Local\Temp\ccFg793O.s 			page 10


 300 0176 04       		.uleb128 0x4
 301 0177 B50B0000 		.4byte	.LASF49
 302 017b 0A       		.byte	0xa
 303 017c 04       		.uleb128 0x4
 304 017d EE080000 		.4byte	.LASF50
 305 0181 0B       		.byte	0xb
 306 0182 04       		.uleb128 0x4
 307 0183 9F150000 		.4byte	.LASF51
 308 0187 0C       		.byte	0xc
 309 0188 04       		.uleb128 0x4
 310 0189 D6050000 		.4byte	.LASF52
 311 018d 0D       		.byte	0xd
 312 018e 04       		.uleb128 0x4
 313 018f 2F170000 		.4byte	.LASF53
 314 0193 0E       		.byte	0xe
 315 0194 04       		.uleb128 0x4
 316 0195 2D000000 		.4byte	.LASF54
 317 0199 0F       		.byte	0xf
 318 019a 04       		.uleb128 0x4
 319 019b 3A1C0000 		.4byte	.LASF55
 320 019f 10       		.byte	0x10
 321 01a0 04       		.uleb128 0x4
 322 01a1 C6030000 		.4byte	.LASF56
 323 01a5 11       		.byte	0x11
 324 01a6 04       		.uleb128 0x4
 325 01a7 3F050000 		.4byte	.LASF57
 326 01ab 12       		.byte	0x12
 327 01ac 04       		.uleb128 0x4
 328 01ad 3E0E0000 		.4byte	.LASF58
 329 01b1 13       		.byte	0x13
 330 01b2 04       		.uleb128 0x4
 331 01b3 10030000 		.4byte	.LASF59
 332 01b7 14       		.byte	0x14
 333 01b8 04       		.uleb128 0x4
 334 01b9 E2070000 		.4byte	.LASF60
 335 01bd 15       		.byte	0x15
 336 01be 04       		.uleb128 0x4
 337 01bf FE0B0000 		.4byte	.LASF61
 338 01c3 16       		.byte	0x16
 339 01c4 04       		.uleb128 0x4
 340 01c5 75020000 		.4byte	.LASF62
 341 01c9 17       		.byte	0x17
 342 01ca 04       		.uleb128 0x4
 343 01cb CB150000 		.4byte	.LASF63
 344 01cf 18       		.byte	0x18
 345 01d0 04       		.uleb128 0x4
 346 01d1 400F0000 		.4byte	.LASF64
 347 01d5 19       		.byte	0x19
 348 01d6 04       		.uleb128 0x4
 349 01d7 EA000000 		.4byte	.LASF65
 350 01db 1A       		.byte	0x1a
 351 01dc 04       		.uleb128 0x4
 352 01dd B9090000 		.4byte	.LASF66
 353 01e1 1B       		.byte	0x1b
 354 01e2 04       		.uleb128 0x4
 355 01e3 721F0000 		.4byte	.LASF67
 356 01e7 1C       		.byte	0x1c
ARM GAS  C:\Users\29928\AppData\Local\Temp\ccFg793O.s 			page 11


 357 01e8 04       		.uleb128 0x4
 358 01e9 271B0000 		.4byte	.LASF68
 359 01ed 1D       		.byte	0x1d
 360 01ee 04       		.uleb128 0x4
 361 01ef 9A0E0000 		.4byte	.LASF69
 362 01f3 1E       		.byte	0x1e
 363 01f4 04       		.uleb128 0x4
 364 01f5 4C170000 		.4byte	.LASF70
 365 01f9 1F       		.byte	0x1f
 366 01fa 04       		.uleb128 0x4
 367 01fb 240F0000 		.4byte	.LASF71
 368 01ff 20       		.byte	0x20
 369 0200 04       		.uleb128 0x4
 370 0201 0B090000 		.4byte	.LASF72
 371 0205 21       		.byte	0x21
 372 0206 04       		.uleb128 0x4
 373 0207 AD1D0000 		.4byte	.LASF73
 374 020b 22       		.byte	0x22
 375 020c 04       		.uleb128 0x4
 376 020d 3F0D0000 		.4byte	.LASF74
 377 0211 23       		.byte	0x23
 378 0212 04       		.uleb128 0x4
 379 0213 D7010000 		.4byte	.LASF75
 380 0217 24       		.byte	0x24
 381 0218 04       		.uleb128 0x4
 382 0219 12170000 		.4byte	.LASF76
 383 021d 25       		.byte	0x25
 384 021e 04       		.uleb128 0x4
 385 021f B8070000 		.4byte	.LASF77
 386 0223 26       		.byte	0x26
 387 0224 04       		.uleb128 0x4
 388 0225 5C1C0000 		.4byte	.LASF78
 389 0229 27       		.byte	0x27
 390 022a 04       		.uleb128 0x4
 391 022b 9B100000 		.4byte	.LASF79
 392 022f 28       		.byte	0x28
 393 0230 04       		.uleb128 0x4
 394 0231 121B0000 		.4byte	.LASF80
 395 0235 29       		.byte	0x29
 396 0236 04       		.uleb128 0x4
 397 0237 AD110000 		.4byte	.LASF81
 398 023b 2A       		.byte	0x2a
 399 023c 04       		.uleb128 0x4
 400 023d D9170000 		.4byte	.LASF82
 401 0241 2B       		.byte	0x2b
 402 0242 04       		.uleb128 0x4
 403 0243 1E010000 		.4byte	.LASF83
 404 0247 2C       		.byte	0x2c
 405 0248 04       		.uleb128 0x4
 406 0249 87060000 		.4byte	.LASF84
 407 024d 2D       		.byte	0x2d
 408 024e 04       		.uleb128 0x4
 409 024f 1F100000 		.4byte	.LASF85
 410 0253 2E       		.byte	0x2e
 411 0254 04       		.uleb128 0x4
 412 0255 BD160000 		.4byte	.LASF86
 413 0259 2F       		.byte	0x2f
ARM GAS  C:\Users\29928\AppData\Local\Temp\ccFg793O.s 			page 12


 414 025a 04       		.uleb128 0x4
 415 025b 51140000 		.4byte	.LASF87
 416 025f 30       		.byte	0x30
 417 0260 04       		.uleb128 0x4
 418 0261 96080000 		.4byte	.LASF88
 419 0265 31       		.byte	0x31
 420 0266 04       		.uleb128 0x4
 421 0267 92180000 		.4byte	.LASF89
 422 026b 32       		.byte	0x32
 423 026c 04       		.uleb128 0x4
 424 026d 690C0000 		.4byte	.LASF90
 425 0271 33       		.byte	0x33
 426 0272 04       		.uleb128 0x4
 427 0273 90010000 		.4byte	.LASF91
 428 0277 34       		.byte	0x34
 429 0278 04       		.uleb128 0x4
 430 0279 9B120000 		.4byte	.LASF92
 431 027d 35       		.byte	0x35
 432 027e 04       		.uleb128 0x4
 433 027f B4190000 		.4byte	.LASF93
 434 0283 36       		.byte	0x36
 435 0284 04       		.uleb128 0x4
 436 0285 861B0000 		.4byte	.LASF94
 437 0289 37       		.byte	0x37
 438 028a 04       		.uleb128 0x4
 439 028b 710B0000 		.4byte	.LASF95
 440 028f 38       		.byte	0x38
 441 0290 04       		.uleb128 0x4
 442 0291 C9000000 		.4byte	.LASF96
 443 0295 39       		.byte	0x39
 444 0296 04       		.uleb128 0x4
 445 0297 83150000 		.4byte	.LASF97
 446 029b 3A       		.byte	0x3a
 447 029c 04       		.uleb128 0x4
 448 029d 65120000 		.4byte	.LASF98
 449 02a1 3B       		.byte	0x3b
 450 02a2 04       		.uleb128 0x4
 451 02a3 E30A0000 		.4byte	.LASF99
 452 02a7 3C       		.byte	0x3c
 453 02a8 04       		.uleb128 0x4
 454 02a9 4F1E0000 		.4byte	.LASF100
 455 02ad 3D       		.byte	0x3d
 456 02ae 04       		.uleb128 0x4
 457 02af FB120000 		.4byte	.LASF101
 458 02b3 3E       		.byte	0x3e
 459 02b4 04       		.uleb128 0x4
 460 02b5 69030000 		.4byte	.LASF102
 461 02b9 3F       		.byte	0x3f
 462 02ba 04       		.uleb128 0x4
 463 02bb 15180000 		.4byte	.LASF103
 464 02bf 40       		.byte	0x40
 465 02c0 04       		.uleb128 0x4
 466 02c1 E10B0000 		.4byte	.LASF104
 467 02c5 41       		.byte	0x41
 468 02c6 04       		.uleb128 0x4
 469 02c7 4D040000 		.4byte	.LASF105
 470 02cb 42       		.byte	0x42
ARM GAS  C:\Users\29928\AppData\Local\Temp\ccFg793O.s 			page 13


 471 02cc 04       		.uleb128 0x4
 472 02cd 38190000 		.4byte	.LASF106
 473 02d1 43       		.byte	0x43
 474 02d2 04       		.uleb128 0x4
 475 02d3 ED0C0000 		.4byte	.LASF107
 476 02d7 44       		.byte	0x44
 477 02d8 04       		.uleb128 0x4
 478 02d9 8E1E0000 		.4byte	.LASF108
 479 02dd 45       		.byte	0x45
 480 02de 04       		.uleb128 0x4
 481 02df 26130000 		.4byte	.LASF109
 482 02e3 46       		.byte	0x46
 483 02e4 04       		.uleb128 0x4
 484 02e5 E8060000 		.4byte	.LASF110
 485 02e9 47       		.byte	0x47
 486 02ea 04       		.uleb128 0x4
 487 02eb 5B180000 		.4byte	.LASF111
 488 02ef 48       		.byte	0x48
 489 02f0 04       		.uleb128 0x4
 490 02f1 300C0000 		.4byte	.LASF112
 491 02f5 49       		.byte	0x49
 492 02f6 04       		.uleb128 0x4
 493 02f7 4E010000 		.4byte	.LASF113
 494 02fb 4A       		.byte	0x4a
 495 02fc 04       		.uleb128 0x4
 496 02fd 39120000 		.4byte	.LASF114
 497 0301 4B       		.byte	0x4b
 498 0302 04       		.uleb128 0x4
 499 0303 42130000 		.4byte	.LASF115
 500 0307 4C       		.byte	0x4c
 501 0308 04       		.uleb128 0x4
 502 0309 25070000 		.4byte	.LASF116
 503 030d 4D       		.byte	0x4d
 504 030e 04       		.uleb128 0x4
 505 030f EF1B0000 		.4byte	.LASF117
 506 0313 4E       		.byte	0x4e
 507 0314 04       		.uleb128 0x4
 508 0315 4C0C0000 		.4byte	.LASF118
 509 0319 4F       		.byte	0x4f
 510 031a 04       		.uleb128 0x4
 511 031b 6A010000 		.4byte	.LASF119
 512 031f 50       		.byte	0x50
 513 0320 04       		.uleb128 0x4
 514 0321 29160000 		.4byte	.LASF120
 515 0325 51       		.byte	0x51
 516 0326 04       		.uleb128 0x4
 517 0327 45090000 		.4byte	.LASF121
 518 032b 52       		.byte	0x52
 519 032c 04       		.uleb128 0x4
 520 032d EA1D0000 		.4byte	.LASF122
 521 0331 53       		.byte	0x53
 522 0332 04       		.uleb128 0x4
 523 0333 1E1F0000 		.4byte	.LASF123
 524 0337 54       		.byte	0x54
 525 0338 04       		.uleb128 0x4
 526 0339 5C0D0000 		.4byte	.LASF124
 527 033d 55       		.byte	0x55
ARM GAS  C:\Users\29928\AppData\Local\Temp\ccFg793O.s 			page 14


 528 033e 04       		.uleb128 0x4
 529 033f 19120000 		.4byte	.LASF125
 530 0343 56       		.byte	0x56
 531 0344 04       		.uleb128 0x4
 532 0345 27060000 		.4byte	.LASF126
 533 0349 57       		.byte	0x57
 534 034a 04       		.uleb128 0x4
 535 034b BD1F0000 		.4byte	.LASF127
 536 034f 58       		.byte	0x58
 537 0350 04       		.uleb128 0x4
 538 0351 31140000 		.4byte	.LASF128
 539 0355 59       		.byte	0x59
 540 0356 04       		.uleb128 0x4
 541 0357 4D1F0000 		.4byte	.LASF129
 542 035b 5A       		.byte	0x5a
 543 035c 04       		.uleb128 0x4
 544 035d 730F0000 		.4byte	.LASF130
 545 0361 5B       		.byte	0x5b
 546 0362 04       		.uleb128 0x4
 547 0363 80040000 		.4byte	.LASF131
 548 0367 5C       		.byte	0x5c
 549 0368 04       		.uleb128 0x4
 550 0369 81190000 		.4byte	.LASF132
 551 036d 5D       		.byte	0x5d
 552 036e 04       		.uleb128 0x4
 553 036f 5C1B0000 		.4byte	.LASF133
 554 0373 5E       		.byte	0x5e
 555 0374 04       		.uleb128 0x4
 556 0375 B81E0000 		.4byte	.LASF134
 557 0379 5F       		.byte	0x5f
 558 037a 04       		.uleb128 0x4
 559 037b 5F130000 		.4byte	.LASF135
 560 037f 60       		.byte	0x60
 561 0380 04       		.uleb128 0x4
 562 0381 E9030000 		.4byte	.LASF136
 563 0385 61       		.byte	0x61
 564 0386 04       		.uleb128 0x4
 565 0387 8E1A0000 		.4byte	.LASF137
 566 038b 62       		.byte	0x62
 567 038c 04       		.uleb128 0x4
 568 038d 870A0000 		.4byte	.LASF138
 569 0391 63       		.byte	0x63
 570 0392 04       		.uleb128 0x4
 571 0393 DD1F0000 		.4byte	.LASF139
 572 0397 64       		.byte	0x64
 573 0398 04       		.uleb128 0x4
 574 0399 E1120000 		.4byte	.LASF140
 575 039d 65       		.byte	0x65
 576 039e 04       		.uleb128 0x4
 577 039f 52080000 		.4byte	.LASF141
 578 03a3 66       		.byte	0x66
 579 03a4 04       		.uleb128 0x4
 580 03a5 E0190000 		.4byte	.LASF142
 581 03a9 67       		.byte	0x67
 582 03aa 04       		.uleb128 0x4
 583 03ab A00D0000 		.4byte	.LASF143
 584 03af 68       		.byte	0x68
ARM GAS  C:\Users\29928\AppData\Local\Temp\ccFg793O.s 			page 15


 585 03b0 04       		.uleb128 0x4
 586 03b1 32020000 		.4byte	.LASF144
 587 03b5 69       		.byte	0x69
 588 03b6 04       		.uleb128 0x4
 589 03b7 B8130000 		.4byte	.LASF145
 590 03bb 6A       		.byte	0x6a
 591 03bc 04       		.uleb128 0x4
 592 03bd FD070000 		.4byte	.LASF146
 593 03c1 6B       		.byte	0x6b
 594 03c2 04       		.uleb128 0x4
 595 03c3 761D0000 		.4byte	.LASF147
 596 03c7 6C       		.byte	0x6c
 597 03c8 04       		.uleb128 0x4
 598 03c9 C2110000 		.4byte	.LASF148
 599 03cd 6D       		.byte	0x6d
 600 03ce 04       		.uleb128 0x4
 601 03cf 9F050000 		.4byte	.LASF149
 602 03d3 6E       		.byte	0x6e
 603 03d4 04       		.uleb128 0x4
 604 03d5 F51E0000 		.4byte	.LASF150
 605 03d9 6F       		.byte	0x6f
 606 03da 04       		.uleb128 0x4
 607 03db 33010000 		.4byte	.LASF151
 608 03df 70       		.byte	0x70
 609 03e0 04       		.uleb128 0x4
 610 03e1 53000000 		.4byte	.LASF152
 611 03e5 71       		.byte	0x71
 612 03e6 04       		.uleb128 0x4
 613 03e7 E5140000 		.4byte	.LASF153
 614 03eb 72       		.byte	0x72
 615 03ec 04       		.uleb128 0x4
 616 03ed 54050000 		.4byte	.LASF154
 617 03f1 73       		.byte	0x73
 618 03f2 04       		.uleb128 0x4
 619 03f3 731A0000 		.4byte	.LASF155
 620 03f7 74       		.byte	0x74
 621 03f8 04       		.uleb128 0x4
 622 03f9 F80D0000 		.4byte	.LASF156
 623 03fd 75       		.byte	0x75
 624 03fe 04       		.uleb128 0x4
 625 03ff 82160000 		.4byte	.LASF157
 626 0403 76       		.byte	0x76
 627 0404 04       		.uleb128 0x4
 628 0405 AB030000 		.4byte	.LASF158
 629 0409 77       		.byte	0x77
 630 040a 04       		.uleb128 0x4
 631 040b 77180000 		.4byte	.LASF159
 632 040f 78       		.byte	0x78
 633 0410 04       		.uleb128 0x4
 634 0411 D1180000 		.4byte	.LASF160
 635 0415 79       		.byte	0x79
 636 0416 04       		.uleb128 0x4
 637 0417 101D0000 		.4byte	.LASF161
 638 041b 7A       		.byte	0x7a
 639 041c 04       		.uleb128 0x4
 640 041d 22110000 		.4byte	.LASF162
 641 0421 7B       		.byte	0x7b
ARM GAS  C:\Users\29928\AppData\Local\Temp\ccFg793O.s 			page 16


 642 0422 04       		.uleb128 0x4
 643 0423 6F050000 		.4byte	.LASF163
 644 0427 7C       		.byte	0x7c
 645 0428 04       		.uleb128 0x4
 646 0429 A81A0000 		.4byte	.LASF164
 647 042d 7D       		.byte	0x7d
 648 042e 04       		.uleb128 0x4
 649 042f A10A0000 		.4byte	.LASF165
 650 0433 7E       		.byte	0x7e
 651 0434 04       		.uleb128 0x4
 652 0435 26150000 		.4byte	.LASF166
 653 0439 7F       		.byte	0x7f
 654 043a 04       		.uleb128 0x4
 655 043b 66140000 		.4byte	.LASF167
 656 043f 80       		.byte	0x80
 657 0440 04       		.uleb128 0x4
 658 0441 29050000 		.4byte	.LASF168
 659 0445 81       		.byte	0x81
 660 0446 04       		.uleb128 0x4
 661 0447 FA190000 		.4byte	.LASF169
 662 044b 82       		.byte	0x82
 663 044c 04       		.uleb128 0x4
 664 044d BA0D0000 		.4byte	.LASF170
 665 0451 83       		.byte	0x83
 666 0452 04       		.uleb128 0x4
 667 0453 9B000000 		.4byte	.LASF171
 668 0457 84       		.byte	0x84
 669 0458 04       		.uleb128 0x4
 670 0459 A2090000 		.4byte	.LASF172
 671 045d 85       		.byte	0x85
 672 045e 04       		.uleb128 0x4
 673 045f F9180000 		.4byte	.LASF173
 674 0463 86       		.byte	0x86
 675 0464 04       		.uleb128 0x4
 676 0465 D60C0000 		.4byte	.LASF174
 677 0469 87       		.byte	0x87
 678 046a 04       		.uleb128 0x4
 679 046b 69040000 		.4byte	.LASF175
 680 046f 88       		.byte	0x88
 681 0470 04       		.uleb128 0x4
 682 0471 00150000 		.4byte	.LASF176
 683 0475 89       		.byte	0x89
 684 0476 04       		.uleb128 0x4
 685 0477 F81C0000 		.4byte	.LASF177
 686 047b 8A       		.byte	0x8a
 687 047c 04       		.uleb128 0x4
 688 047d 4A0A0000 		.4byte	.LASF178
 689 0481 8B       		.byte	0x8b
 690 0482 04       		.uleb128 0x4
 691 0483 C80A0000 		.4byte	.LASF179
 692 0487 8C       		.byte	0x8c
 693 0488 04       		.uleb128 0x4
 694 0489 B8080000 		.4byte	.LASF180
 695 048d 8D       		.byte	0x8d
 696 048e 04       		.uleb128 0x4
 697 048f C5170000 		.4byte	.LASF181
 698 0493 8E       		.byte	0x8e
ARM GAS  C:\Users\29928\AppData\Local\Temp\ccFg793O.s 			page 17


 699 0494 04       		.uleb128 0x4
 700 0495 8C110000 		.4byte	.LASF182
 701 0499 8F       		.byte	0x8f
 702 049a 04       		.uleb128 0x4
 703 049b 42070000 		.4byte	.LASF183
 704 049f 90       		.byte	0x90
 705 04a0 04       		.uleb128 0x4
 706 04a1 1A0D0000 		.4byte	.LASF184
 707 04a5 91       		.byte	0x91
 708 04a6 04       		.uleb128 0x4
 709 04a7 6E0A0000 		.4byte	.LASF185
 710 04ab 92       		.byte	0x92
 711 04ac 04       		.uleb128 0x4
 712 04ad 341D0000 		.4byte	.LASF186
 713 04b1 F0       		.byte	0xf0
 714 04b2 00       		.byte	0
 715 04b3 05       		.uleb128 0x5
 716 04b4 01       		.byte	0x1
 717 04b5 08       		.byte	0x8
 718 04b6 BE1A0000 		.4byte	.LASF188
 719 04ba 07       		.uleb128 0x7
 720 04bb 9E030000 		.4byte	.LASF190
 721 04bf 03       		.byte	0x3
 722 04c0 9201     		.2byte	0x192
 723 04c2 2E010000 		.4byte	0x12e
 724 04c6 05       		.uleb128 0x5
 725 04c7 01       		.byte	0x1
 726 04c8 06       		.byte	0x6
 727 04c9 E51C0000 		.4byte	.LASF191
 728 04cd 06       		.uleb128 0x6
 729 04ce 521C0000 		.4byte	.LASF192
 730 04d2 04       		.byte	0x4
 731 04d3 1D       		.byte	0x1d
 732 04d4 B3040000 		.4byte	0x4b3
 733 04d8 06       		.uleb128 0x6
 734 04d9 B8100000 		.4byte	.LASF193
 735 04dd 04       		.byte	0x4
 736 04de 29       		.byte	0x29
 737 04df 1C010000 		.4byte	0x11c
 738 04e3 06       		.uleb128 0x6
 739 04e4 22080000 		.4byte	.LASF194
 740 04e8 04       		.byte	0x4
 741 04e9 2B       		.byte	0x2b
 742 04ea EE040000 		.4byte	0x4ee
 743 04ee 05       		.uleb128 0x5
 744 04ef 02       		.byte	0x2
 745 04f0 07       		.byte	0x7
 746 04f1 DC130000 		.4byte	.LASF195
 747 04f5 05       		.uleb128 0x5
 748 04f6 04       		.byte	0x4
 749 04f7 05       		.byte	0x5
 750 04f8 14000000 		.4byte	.LASF196
 751 04fc 06       		.uleb128 0x6
 752 04fd DB1A0000 		.4byte	.LASF197
 753 0501 04       		.byte	0x4
 754 0502 41       		.byte	0x41
 755 0503 07050000 		.4byte	0x507
ARM GAS  C:\Users\29928\AppData\Local\Temp\ccFg793O.s 			page 18


 756 0507 05       		.uleb128 0x5
 757 0508 04       		.byte	0x4
 758 0509 07       		.byte	0x7
 759 050a 62190000 		.4byte	.LASF198
 760 050e 05       		.uleb128 0x5
 761 050f 08       		.byte	0x8
 762 0510 05       		.byte	0x5
 763 0511 F40E0000 		.4byte	.LASF199
 764 0515 05       		.uleb128 0x5
 765 0516 08       		.byte	0x8
 766 0517 07       		.byte	0x7
 767 0518 78070000 		.4byte	.LASF200
 768 051c 08       		.uleb128 0x8
 769 051d 04       		.byte	0x4
 770 051e 05       		.byte	0x5
 771 051f 696E7400 		.ascii	"int\000"
 772 0523 05       		.uleb128 0x5
 773 0524 04       		.byte	0x4
 774 0525 07       		.byte	0x7
 775 0526 CA010000 		.4byte	.LASF201
 776 052a 06       		.uleb128 0x6
 777 052b F00D0000 		.4byte	.LASF202
 778 052f 05       		.byte	0x5
 779 0530 18       		.byte	0x18
 780 0531 CD040000 		.4byte	0x4cd
 781 0535 06       		.uleb128 0x6
 782 0536 F6040000 		.4byte	.LASF203
 783 053a 05       		.byte	0x5
 784 053b 20       		.byte	0x20
 785 053c D8040000 		.4byte	0x4d8
 786 0540 06       		.uleb128 0x6
 787 0541 05140000 		.4byte	.LASF204
 788 0545 05       		.byte	0x5
 789 0546 24       		.byte	0x24
 790 0547 E3040000 		.4byte	0x4e3
 791 054b 06       		.uleb128 0x6
 792 054c 96050000 		.4byte	.LASF205
 793 0550 05       		.byte	0x5
 794 0551 30       		.byte	0x30
 795 0552 FC040000 		.4byte	0x4fc
 796 0556 05       		.uleb128 0x5
 797 0557 04       		.byte	0x4
 798 0558 07       		.byte	0x7
 799 0559 D8100000 		.4byte	.LASF206
 800 055d 09       		.uleb128 0x9
 801 055e 4B050000 		.4byte	0x54b
 802 0562 05       		.uleb128 0x5
 803 0563 08       		.byte	0x8
 804 0564 04       		.byte	0x4
 805 0565 F9130000 		.4byte	.LASF207
 806 0569 0A       		.uleb128 0xa
 807 056a B8       		.byte	0xb8
 808 056b 06       		.byte	0x6
 809 056c 34       		.byte	0x34
 810 056d 7A090000 		.4byte	0x97a
 811 0571 0B       		.uleb128 0xb
 812 0572 BC020000 		.4byte	.LASF208
ARM GAS  C:\Users\29928\AppData\Local\Temp\ccFg793O.s 			page 19


 813 0576 06       		.byte	0x6
 814 0577 37       		.byte	0x37
 815 0578 4B050000 		.4byte	0x54b
 816 057c 00       		.byte	0
 817 057d 0B       		.uleb128 0xb
 818 057e DD060000 		.4byte	.LASF209
 819 0582 06       		.byte	0x6
 820 0583 38       		.byte	0x38
 821 0584 4B050000 		.4byte	0x54b
 822 0588 04       		.byte	0x4
 823 0589 0B       		.uleb128 0xb
 824 058a 87010000 		.4byte	.LASF210
 825 058e 06       		.byte	0x6
 826 058f 39       		.byte	0x39
 827 0590 4B050000 		.4byte	0x54b
 828 0594 08       		.byte	0x8
 829 0595 0B       		.uleb128 0xb
 830 0596 101A0000 		.4byte	.LASF211
 831 059a 06       		.byte	0x6
 832 059b 3A       		.byte	0x3a
 833 059c 4B050000 		.4byte	0x54b
 834 05a0 0C       		.byte	0xc
 835 05a1 0B       		.uleb128 0xb
 836 05a2 0E140000 		.4byte	.LASF212
 837 05a6 06       		.byte	0x6
 838 05a7 3B       		.byte	0x3b
 839 05a8 4B050000 		.4byte	0x54b
 840 05ac 10       		.byte	0x10
 841 05ad 0B       		.uleb128 0xb
 842 05ae CE100000 		.4byte	.LASF213
 843 05b2 06       		.byte	0x6
 844 05b3 3C       		.byte	0x3c
 845 05b4 4B050000 		.4byte	0x54b
 846 05b8 14       		.byte	0x14
 847 05b9 0B       		.uleb128 0xb
 848 05ba 650A0000 		.4byte	.LASF214
 849 05be 06       		.byte	0x6
 850 05bf 3D       		.byte	0x3d
 851 05c0 4B050000 		.4byte	0x54b
 852 05c4 18       		.byte	0x18
 853 05c5 0B       		.uleb128 0xb
 854 05c6 161E0000 		.4byte	.LASF215
 855 05ca 06       		.byte	0x6
 856 05cb 3E       		.byte	0x3e
 857 05cc 4B050000 		.4byte	0x54b
 858 05d0 1C       		.byte	0x1c
 859 05d1 0B       		.uleb128 0xb
 860 05d2 020F0000 		.4byte	.LASF216
 861 05d6 06       		.byte	0x6
 862 05d7 3F       		.byte	0x3f
 863 05d8 4B050000 		.4byte	0x54b
 864 05dc 20       		.byte	0x20
 865 05dd 0B       		.uleb128 0xb
 866 05de 190F0000 		.4byte	.LASF217
 867 05e2 06       		.byte	0x6
 868 05e3 40       		.byte	0x40
 869 05e4 4B050000 		.4byte	0x54b
ARM GAS  C:\Users\29928\AppData\Local\Temp\ccFg793O.s 			page 20


 870 05e8 24       		.byte	0x24
 871 05e9 0B       		.uleb128 0xb
 872 05ea 46160000 		.4byte	.LASF218
 873 05ee 06       		.byte	0x6
 874 05ef 43       		.byte	0x43
 875 05f0 2A050000 		.4byte	0x52a
 876 05f4 28       		.byte	0x28
 877 05f5 0B       		.uleb128 0xb
 878 05f6 4D060000 		.4byte	.LASF219
 879 05fa 06       		.byte	0x6
 880 05fb 44       		.byte	0x44
 881 05fc 2A050000 		.4byte	0x52a
 882 0600 29       		.byte	0x29
 883 0601 0B       		.uleb128 0xb
 884 0602 DB140000 		.4byte	.LASF220
 885 0606 06       		.byte	0x6
 886 0607 45       		.byte	0x45
 887 0608 2A050000 		.4byte	0x52a
 888 060c 2A       		.byte	0x2a
 889 060d 0B       		.uleb128 0xb
 890 060e 9D160000 		.4byte	.LASF221
 891 0612 06       		.byte	0x6
 892 0613 46       		.byte	0x46
 893 0614 2A050000 		.4byte	0x52a
 894 0618 2B       		.byte	0x2b
 895 0619 0B       		.uleb128 0xb
 896 061a 62160000 		.4byte	.LASF222
 897 061e 06       		.byte	0x6
 898 061f 47       		.byte	0x47
 899 0620 2A050000 		.4byte	0x52a
 900 0624 2C       		.byte	0x2c
 901 0625 0B       		.uleb128 0xb
 902 0626 2B190000 		.4byte	.LASF223
 903 062a 06       		.byte	0x6
 904 062b 48       		.byte	0x48
 905 062c 2A050000 		.4byte	0x52a
 906 0630 2D       		.byte	0x2d
 907 0631 0B       		.uleb128 0xb
 908 0632 671F0000 		.4byte	.LASF224
 909 0636 06       		.byte	0x6
 910 0637 49       		.byte	0x49
 911 0638 2A050000 		.4byte	0x52a
 912 063c 2E       		.byte	0x2e
 913 063d 0B       		.uleb128 0xb
 914 063e D61D0000 		.4byte	.LASF225
 915 0642 06       		.byte	0x6
 916 0643 4A       		.byte	0x4a
 917 0644 2A050000 		.4byte	0x52a
 918 0648 2F       		.byte	0x2f
 919 0649 0B       		.uleb128 0xb
 920 064a C4040000 		.4byte	.LASF226
 921 064e 06       		.byte	0x6
 922 064f 4B       		.byte	0x4b
 923 0650 2A050000 		.4byte	0x52a
 924 0654 30       		.byte	0x30
 925 0655 0B       		.uleb128 0xb
 926 0656 F9110000 		.4byte	.LASF227
ARM GAS  C:\Users\29928\AppData\Local\Temp\ccFg793O.s 			page 21


 927 065a 06       		.byte	0x6
 928 065b 4E       		.byte	0x4e
 929 065c 2A050000 		.4byte	0x52a
 930 0660 31       		.byte	0x31
 931 0661 0B       		.uleb128 0xb
 932 0662 261D0000 		.4byte	.LASF228
 933 0666 06       		.byte	0x6
 934 0667 4F       		.byte	0x4f
 935 0668 2A050000 		.4byte	0x52a
 936 066c 32       		.byte	0x32
 937 066d 0B       		.uleb128 0xb
 938 066e 51110000 		.4byte	.LASF229
 939 0672 06       		.byte	0x6
 940 0673 50       		.byte	0x50
 941 0674 2A050000 		.4byte	0x52a
 942 0678 33       		.byte	0x33
 943 0679 0B       		.uleb128 0xb
 944 067a 120C0000 		.4byte	.LASF230
 945 067e 06       		.byte	0x6
 946 067f 51       		.byte	0x51
 947 0680 2A050000 		.4byte	0x52a
 948 0684 34       		.byte	0x34
 949 0685 0B       		.uleb128 0xb
 950 0686 D5070000 		.4byte	.LASF231
 951 068a 06       		.byte	0x6
 952 068b 52       		.byte	0x52
 953 068c 35050000 		.4byte	0x535
 954 0690 36       		.byte	0x36
 955 0691 0B       		.uleb128 0xb
 956 0692 05030000 		.4byte	.LASF232
 957 0696 06       		.byte	0x6
 958 0697 53       		.byte	0x53
 959 0698 35050000 		.4byte	0x535
 960 069c 38       		.byte	0x38
 961 069d 0B       		.uleb128 0xb
 962 069e 54030000 		.4byte	.LASF233
 963 06a2 06       		.byte	0x6
 964 06a3 54       		.byte	0x54
 965 06a4 35050000 		.4byte	0x535
 966 06a8 3A       		.byte	0x3a
 967 06a9 0B       		.uleb128 0xb
 968 06aa 8E020000 		.4byte	.LASF234
 969 06ae 06       		.byte	0x6
 970 06af 55       		.byte	0x55
 971 06b0 2A050000 		.4byte	0x52a
 972 06b4 3C       		.byte	0x3c
 973 06b5 0B       		.uleb128 0xb
 974 06b6 81090000 		.4byte	.LASF235
 975 06ba 06       		.byte	0x6
 976 06bb 56       		.byte	0x56
 977 06bc 2A050000 		.4byte	0x52a
 978 06c0 3D       		.byte	0x3d
 979 06c1 0B       		.uleb128 0xb
 980 06c2 99140000 		.4byte	.LASF236
 981 06c6 06       		.byte	0x6
 982 06c7 57       		.byte	0x57
 983 06c8 2A050000 		.4byte	0x52a
ARM GAS  C:\Users\29928\AppData\Local\Temp\ccFg793O.s 			page 22


 984 06cc 3E       		.byte	0x3e
 985 06cd 0B       		.uleb128 0xb
 986 06ce C2100000 		.4byte	.LASF237
 987 06d2 06       		.byte	0x6
 988 06d3 58       		.byte	0x58
 989 06d4 2A050000 		.4byte	0x52a
 990 06d8 3F       		.byte	0x3f
 991 06d9 0B       		.uleb128 0xb
 992 06da F4010000 		.4byte	.LASF238
 993 06de 06       		.byte	0x6
 994 06df 59       		.byte	0x59
 995 06e0 2A050000 		.4byte	0x52a
 996 06e4 40       		.byte	0x40
 997 06e5 0B       		.uleb128 0xb
 998 06e6 32180000 		.4byte	.LASF239
 999 06ea 06       		.byte	0x6
 1000 06eb 5A       		.byte	0x5a
 1001 06ec 2A050000 		.4byte	0x52a
 1002 06f0 41       		.byte	0x41
 1003 06f1 0B       		.uleb128 0xb
 1004 06f2 A61C0000 		.4byte	.LASF240
 1005 06f6 06       		.byte	0x6
 1006 06f7 5B       		.byte	0x5b
 1007 06f8 2A050000 		.4byte	0x52a
 1008 06fc 42       		.byte	0x42
 1009 06fd 0B       		.uleb128 0xb
 1010 06fe 460B0000 		.4byte	.LASF241
 1011 0702 06       		.byte	0x6
 1012 0703 5C       		.byte	0x5c
 1013 0704 2A050000 		.4byte	0x52a
 1014 0708 43       		.byte	0x43
 1015 0709 0B       		.uleb128 0xb
 1016 070a 090D0000 		.4byte	.LASF242
 1017 070e 06       		.byte	0x6
 1018 070f 5D       		.byte	0x5d
 1019 0710 2A050000 		.4byte	0x52a
 1020 0714 44       		.byte	0x44
 1021 0715 0B       		.uleb128 0xb
 1022 0716 AB160000 		.4byte	.LASF243
 1023 071a 06       		.byte	0x6
 1024 071b 5E       		.byte	0x5e
 1025 071c 4B050000 		.4byte	0x54b
 1026 0720 48       		.byte	0x48
 1027 0721 0B       		.uleb128 0xb
 1028 0722 25040000 		.4byte	.LASF244
 1029 0726 06       		.byte	0x6
 1030 0727 5F       		.byte	0x5f
 1031 0728 4B050000 		.4byte	0x54b
 1032 072c 4C       		.byte	0x4c
 1033 072d 0B       		.uleb128 0xb
 1034 072e 841C0000 		.4byte	.LASF245
 1035 0732 06       		.byte	0x6
 1036 0733 60       		.byte	0x60
 1037 0734 2A050000 		.4byte	0x52a
 1038 0738 50       		.byte	0x50
 1039 0739 0B       		.uleb128 0xb
 1040 073a F6090000 		.4byte	.LASF246
ARM GAS  C:\Users\29928\AppData\Local\Temp\ccFg793O.s 			page 23


 1041 073e 06       		.byte	0x6
 1042 073f 61       		.byte	0x61
 1043 0740 2A050000 		.4byte	0x52a
 1044 0744 51       		.byte	0x51
 1045 0745 0B       		.uleb128 0xb
 1046 0746 59070000 		.4byte	.LASF247
 1047 074a 06       		.byte	0x6
 1048 074b 62       		.byte	0x62
 1049 074c 2A050000 		.4byte	0x52a
 1050 0750 52       		.byte	0x52
 1051 0751 0B       		.uleb128 0xb
 1052 0752 75060000 		.4byte	.LASF248
 1053 0756 06       		.byte	0x6
 1054 0757 63       		.byte	0x63
 1055 0758 2A050000 		.4byte	0x52a
 1056 075c 53       		.byte	0x53
 1057 075d 0B       		.uleb128 0xb
 1058 075e 761B0000 		.4byte	.LASF249
 1059 0762 06       		.byte	0x6
 1060 0763 64       		.byte	0x64
 1061 0764 2A050000 		.4byte	0x52a
 1062 0768 54       		.byte	0x54
 1063 0769 0B       		.uleb128 0xb
 1064 076a 360A0000 		.4byte	.LASF250
 1065 076e 06       		.byte	0x6
 1066 076f 65       		.byte	0x65
 1067 0770 2A050000 		.4byte	0x52a
 1068 0774 55       		.byte	0x55
 1069 0775 0B       		.uleb128 0xb
 1070 0776 00000000 		.4byte	.LASF251
 1071 077a 06       		.byte	0x6
 1072 077b 66       		.byte	0x66
 1073 077c 2A050000 		.4byte	0x52a
 1074 0780 56       		.byte	0x56
 1075 0781 0B       		.uleb128 0xb
 1076 0782 1F1E0000 		.4byte	.LASF252
 1077 0786 06       		.byte	0x6
 1078 0787 67       		.byte	0x67
 1079 0788 2A050000 		.4byte	0x52a
 1080 078c 57       		.byte	0x57
 1081 078d 0B       		.uleb128 0xb
 1082 078e 63090000 		.4byte	.LASF253
 1083 0792 06       		.byte	0x6
 1084 0793 68       		.byte	0x68
 1085 0794 2A050000 		.4byte	0x52a
 1086 0798 58       		.byte	0x58
 1087 0799 0B       		.uleb128 0xb
 1088 079a 7A1E0000 		.4byte	.LASF254
 1089 079e 06       		.byte	0x6
 1090 079f 69       		.byte	0x69
 1091 07a0 2A050000 		.4byte	0x52a
 1092 07a4 59       		.byte	0x59
 1093 07a5 0B       		.uleb128 0xb
 1094 07a6 181A0000 		.4byte	.LASF255
 1095 07aa 06       		.byte	0x6
 1096 07ab 6E       		.byte	0x6e
 1097 07ac 40050000 		.4byte	0x540
ARM GAS  C:\Users\29928\AppData\Local\Temp\ccFg793O.s 			page 24


 1098 07b0 5A       		.byte	0x5a
 1099 07b1 0B       		.uleb128 0xb
 1100 07b2 C1010000 		.4byte	.LASF256
 1101 07b6 06       		.byte	0x6
 1102 07b7 6F       		.byte	0x6f
 1103 07b8 40050000 		.4byte	0x540
 1104 07bc 5C       		.byte	0x5c
 1105 07bd 0B       		.uleb128 0xb
 1106 07be 0A0F0000 		.4byte	.LASF257
 1107 07c2 06       		.byte	0x6
 1108 07c3 70       		.byte	0x70
 1109 07c4 2A050000 		.4byte	0x52a
 1110 07c8 5E       		.byte	0x5e
 1111 07c9 0B       		.uleb128 0xb
 1112 07ca C5140000 		.4byte	.LASF258
 1113 07ce 06       		.byte	0x6
 1114 07cf 71       		.byte	0x71
 1115 07d0 2A050000 		.4byte	0x52a
 1116 07d4 5F       		.byte	0x5f
 1117 07d5 0B       		.uleb128 0xb
 1118 07d6 510B0000 		.4byte	.LASF259
 1119 07da 06       		.byte	0x6
 1120 07db 72       		.byte	0x72
 1121 07dc 2A050000 		.4byte	0x52a
 1122 07e0 60       		.byte	0x60
 1123 07e1 0B       		.uleb128 0xb
 1124 07e2 D00D0000 		.4byte	.LASF260
 1125 07e6 06       		.byte	0x6
 1126 07e7 73       		.byte	0x73
 1127 07e8 4B050000 		.4byte	0x54b
 1128 07ec 64       		.byte	0x64
 1129 07ed 0B       		.uleb128 0xb
 1130 07ee 971F0000 		.4byte	.LASF261
 1131 07f2 06       		.byte	0x6
 1132 07f3 76       		.byte	0x76
 1133 07f4 40050000 		.4byte	0x540
 1134 07f8 68       		.byte	0x68
 1135 07f9 0B       		.uleb128 0xb
 1136 07fa 1F140000 		.4byte	.LASF262
 1137 07fe 06       		.byte	0x6
 1138 07ff 77       		.byte	0x77
 1139 0800 40050000 		.4byte	0x540
 1140 0804 6A       		.byte	0x6a
 1141 0805 0B       		.uleb128 0xb
 1142 0806 13110000 		.4byte	.LASF263
 1143 080a 06       		.byte	0x6
 1144 080b 78       		.byte	0x78
 1145 080c 40050000 		.4byte	0x540
 1146 0810 6C       		.byte	0x6c
 1147 0811 0B       		.uleb128 0xb
 1148 0812 DC030000 		.4byte	.LASF264
 1149 0816 06       		.byte	0x6
 1150 0817 79       		.byte	0x79
 1151 0818 40050000 		.4byte	0x540
 1152 081c 6E       		.byte	0x6e
 1153 081d 0B       		.uleb128 0xb
 1154 081e 1B0E0000 		.4byte	.LASF265
ARM GAS  C:\Users\29928\AppData\Local\Temp\ccFg793O.s 			page 25


 1155 0822 06       		.byte	0x6
 1156 0823 7B       		.byte	0x7b
 1157 0824 2A050000 		.4byte	0x52a
 1158 0828 70       		.byte	0x70
 1159 0829 0B       		.uleb128 0xb
 1160 082a FE040000 		.4byte	.LASF266
 1161 082e 06       		.byte	0x6
 1162 082f 7C       		.byte	0x7c
 1163 0830 2A050000 		.4byte	0x52a
 1164 0834 71       		.byte	0x71
 1165 0835 0B       		.uleb128 0xb
 1166 0836 03040000 		.4byte	.LASF267
 1167 083a 06       		.byte	0x6
 1168 083b 7D       		.byte	0x7d
 1169 083c 2A050000 		.4byte	0x52a
 1170 0840 72       		.byte	0x72
 1171 0841 0B       		.uleb128 0xb
 1172 0842 1B020000 		.4byte	.LASF268
 1173 0846 06       		.byte	0x6
 1174 0847 7E       		.byte	0x7e
 1175 0848 2A050000 		.4byte	0x52a
 1176 084c 73       		.byte	0x73
 1177 084d 0B       		.uleb128 0xb
 1178 084e 71150000 		.4byte	.LASF269
 1179 0852 06       		.byte	0x6
 1180 0853 80       		.byte	0x80
 1181 0854 40050000 		.4byte	0x540
 1182 0858 74       		.byte	0x74
 1183 0859 0B       		.uleb128 0xb
 1184 085a 7F130000 		.4byte	.LASF270
 1185 085e 06       		.byte	0x6
 1186 085f 81       		.byte	0x81
 1187 0860 40050000 		.4byte	0x540
 1188 0864 76       		.byte	0x76
 1189 0865 0B       		.uleb128 0xb
 1190 0866 B00C0000 		.4byte	.LASF271
 1191 086a 06       		.byte	0x6
 1192 086b 82       		.byte	0x82
 1193 086c 40050000 		.4byte	0x540
 1194 0870 78       		.byte	0x78
 1195 0871 0B       		.uleb128 0xb
 1196 0872 8F070000 		.4byte	.LASF272
 1197 0876 06       		.byte	0x6
 1198 0877 83       		.byte	0x83
 1199 0878 40050000 		.4byte	0x540
 1200 087c 7A       		.byte	0x7a
 1201 087d 0B       		.uleb128 0xb
 1202 087e 750E0000 		.4byte	.LASF273
 1203 0882 06       		.byte	0x6
 1204 0883 86       		.byte	0x86
 1205 0884 2A050000 		.4byte	0x52a
 1206 0888 7C       		.byte	0x7c
 1207 0889 0B       		.uleb128 0xb
 1208 088a 951C0000 		.4byte	.LASF274
 1209 088e 06       		.byte	0x6
 1210 088f 87       		.byte	0x87
 1211 0890 2A050000 		.4byte	0x52a
ARM GAS  C:\Users\29928\AppData\Local\Temp\ccFg793O.s 			page 26


 1212 0894 7D       		.byte	0x7d
 1213 0895 0B       		.uleb128 0xb
 1214 0896 12070000 		.4byte	.LASF275
 1215 089a 06       		.byte	0x6
 1216 089b 88       		.byte	0x88
 1217 089c 2A050000 		.4byte	0x52a
 1218 08a0 7E       		.byte	0x7e
 1219 08a1 0B       		.uleb128 0xb
 1220 08a2 02060000 		.4byte	.LASF276
 1221 08a6 06       		.byte	0x6
 1222 08a7 89       		.byte	0x89
 1223 08a8 2A050000 		.4byte	0x52a
 1224 08ac 7F       		.byte	0x7f
 1225 08ad 0B       		.uleb128 0xb
 1226 08ae A4070000 		.4byte	.LASF277
 1227 08b2 06       		.byte	0x6
 1228 08b3 8A       		.byte	0x8a
 1229 08b4 2A050000 		.4byte	0x52a
 1230 08b8 80       		.byte	0x80
 1231 08b9 0B       		.uleb128 0xb
 1232 08ba B2000000 		.4byte	.LASF278
 1233 08be 06       		.byte	0x6
 1234 08bf 8D       		.byte	0x8d
 1235 08c0 4B050000 		.4byte	0x54b
 1236 08c4 84       		.byte	0x84
 1237 08c5 0B       		.uleb128 0xb
 1238 08c6 EE100000 		.4byte	.LASF279
 1239 08ca 06       		.byte	0x6
 1240 08cb 8E       		.byte	0x8e
 1241 08cc 4B050000 		.4byte	0x54b
 1242 08d0 88       		.byte	0x88
 1243 08d1 0B       		.uleb128 0xb
 1244 08d2 04120000 		.4byte	.LASF280
 1245 08d6 06       		.byte	0x6
 1246 08d7 8F       		.byte	0x8f
 1247 08d8 4B050000 		.4byte	0x54b
 1248 08dc 8C       		.byte	0x8c
 1249 08dd 0B       		.uleb128 0xb
 1250 08de 3A1A0000 		.4byte	.LASF281
 1251 08e2 06       		.byte	0x6
 1252 08e3 90       		.byte	0x90
 1253 08e4 4B050000 		.4byte	0x54b
 1254 08e8 90       		.byte	0x90
 1255 08e9 0B       		.uleb128 0xb
 1256 08ea B0170000 		.4byte	.LASF282
 1257 08ee 06       		.byte	0x6
 1258 08ef 91       		.byte	0x91
 1259 08f0 4B050000 		.4byte	0x54b
 1260 08f4 94       		.byte	0x94
 1261 08f5 0B       		.uleb128 0xb
 1262 08f6 13050000 		.4byte	.LASF283
 1263 08fa 06       		.byte	0x6
 1264 08fb 92       		.byte	0x92
 1265 08fc 4B050000 		.4byte	0x54b
 1266 0900 98       		.byte	0x98
 1267 0901 0B       		.uleb128 0xb
 1268 0902 AE180000 		.4byte	.LASF284
ARM GAS  C:\Users\29928\AppData\Local\Temp\ccFg793O.s 			page 27


 1269 0906 06       		.byte	0x6
 1270 0907 93       		.byte	0x93
 1271 0908 4B050000 		.4byte	0x54b
 1272 090c 9C       		.byte	0x9c
 1273 090d 0B       		.uleb128 0xb
 1274 090e 300B0000 		.4byte	.LASF285
 1275 0912 06       		.byte	0x6
 1276 0913 94       		.byte	0x94
 1277 0914 4B050000 		.4byte	0x54b
 1278 0918 A0       		.byte	0xa0
 1279 0919 0B       		.uleb128 0xb
 1280 091a AC010000 		.4byte	.LASF286
 1281 091e 06       		.byte	0x6
 1282 091f 95       		.byte	0x95
 1283 0920 40050000 		.4byte	0x540
 1284 0924 A4       		.byte	0xa4
 1285 0925 0B       		.uleb128 0xb
 1286 0926 4B150000 		.4byte	.LASF287
 1287 092a 06       		.byte	0x6
 1288 092b 96       		.byte	0x96
 1289 092c 40050000 		.4byte	0x540
 1290 0930 A6       		.byte	0xa6
 1291 0931 0B       		.uleb128 0xb
 1292 0932 A8190000 		.4byte	.LASF288
 1293 0936 06       		.byte	0x6
 1294 0937 97       		.byte	0x97
 1295 0938 40050000 		.4byte	0x540
 1296 093c A8       		.byte	0xa8
 1297 093d 0B       		.uleb128 0xb
 1298 093e E60E0000 		.4byte	.LASF289
 1299 0942 06       		.byte	0x6
 1300 0943 98       		.byte	0x98
 1301 0944 40050000 		.4byte	0x540
 1302 0948 AA       		.byte	0xaa
 1303 0949 0B       		.uleb128 0xb
 1304 094a 05110000 		.4byte	.LASF290
 1305 094e 06       		.byte	0x6
 1306 094f 99       		.byte	0x99
 1307 0950 40050000 		.4byte	0x540
 1308 0954 AC       		.byte	0xac
 1309 0955 0B       		.uleb128 0xb
 1310 0956 B7120000 		.4byte	.LASF291
 1311 095a 06       		.byte	0x6
 1312 095b 9A       		.byte	0x9a
 1313 095c 40050000 		.4byte	0x540
 1314 0960 AE       		.byte	0xae
 1315 0961 0B       		.uleb128 0xb
 1316 0962 54190000 		.4byte	.LASF292
 1317 0966 06       		.byte	0x6
 1318 0967 9D       		.byte	0x9d
 1319 0968 40050000 		.4byte	0x540
 1320 096c B0       		.byte	0xb0
 1321 096d 0B       		.uleb128 0xb
 1322 096e 000B0000 		.4byte	.LASF293
 1323 0972 06       		.byte	0x6
 1324 0973 9E       		.byte	0x9e
 1325 0974 4B050000 		.4byte	0x54b
ARM GAS  C:\Users\29928\AppData\Local\Temp\ccFg793O.s 			page 28


 1326 0978 B4       		.byte	0xb4
 1327 0979 00       		.byte	0
 1328 097a 06       		.uleb128 0x6
 1329 097b D0190000 		.4byte	.LASF294
 1330 097f 06       		.byte	0x6
 1331 0980 9F       		.byte	0x9f
 1332 0981 69050000 		.4byte	0x569
 1333 0985 07       		.uleb128 0x7
 1334 0986 E61A0000 		.4byte	.LASF295
 1335 098a 07       		.byte	0x7
 1336 098b EE01     		.2byte	0x1ee
 1337 098d 91090000 		.4byte	0x991
 1338 0991 0C       		.uleb128 0xc
 1339 0992 04       		.byte	0x4
 1340 0993 97090000 		.4byte	0x997
 1341 0997 0D       		.uleb128 0xd
 1342 0998 05       		.uleb128 0x5
 1343 0999 01       		.byte	0x1
 1344 099a 08       		.byte	0x8
 1345 099b E5000000 		.4byte	.LASF296
 1346 099f 05       		.uleb128 0x5
 1347 09a0 04       		.byte	0x4
 1348 09a1 04       		.byte	0x4
 1349 09a2 47060000 		.4byte	.LASF297
 1350 09a6 05       		.uleb128 0x5
 1351 09a7 08       		.byte	0x8
 1352 09a8 04       		.byte	0x4
 1353 09a9 1F0A0000 		.4byte	.LASF298
 1354 09ad 0E       		.uleb128 0xe
 1355 09ae 08       		.byte	0x8
 1356 09af 08       		.byte	0x8
 1357 09b0 2D01     		.2byte	0x12d
 1358 09b2 DE090000 		.4byte	0x9de
 1359 09b6 0F       		.uleb128 0xf
 1360 09b7 130E0000 		.4byte	.LASF299
 1361 09bb 08       		.byte	0x8
 1362 09bc 2E01     		.2byte	0x12e
 1363 09be 23010000 		.4byte	0x123
 1364 09c2 00       		.byte	0
 1365 09c3 0F       		.uleb128 0xf
 1366 09c4 C6020000 		.4byte	.LASF300
 1367 09c8 08       		.byte	0x8
 1368 09c9 3001     		.2byte	0x130
 1369 09cb BA040000 		.4byte	0x4ba
 1370 09cf 02       		.byte	0x2
 1371 09d0 0F       		.uleb128 0xf
 1372 09d1 EC180000 		.4byte	.LASF301
 1373 09d5 08       		.byte	0x8
 1374 09d6 3201     		.2byte	0x132
 1375 09d8 4B050000 		.4byte	0x54b
 1376 09dc 04       		.byte	0x4
 1377 09dd 00       		.byte	0
 1378 09de 07       		.uleb128 0x7
 1379 09df 1D000000 		.4byte	.LASF302
 1380 09e3 08       		.byte	0x8
 1381 09e4 3301     		.2byte	0x133
 1382 09e6 AD090000 		.4byte	0x9ad
ARM GAS  C:\Users\29928\AppData\Local\Temp\ccFg793O.s 			page 29


 1383 09ea 06       		.uleb128 0x6
 1384 09eb 5A1A0000 		.4byte	.LASF303
 1385 09ef 09       		.byte	0x9
 1386 09f0 9F       		.byte	0x9f
 1387 09f1 91090000 		.4byte	0x991
 1388 09f5 0A       		.uleb128 0xa
 1389 09f6 30       		.byte	0x30
 1390 09f7 09       		.byte	0x9
 1391 09f8 A2       		.byte	0xa2
 1392 09f9 6A0A0000 		.4byte	0xa6a
 1393 09fd 0B       		.uleb128 0xb
 1394 09fe 46110000 		.4byte	.LASF304
 1395 0a02 09       		.byte	0x9
 1396 0a03 A5       		.byte	0xa5
 1397 0a04 4B050000 		.4byte	0x54b
 1398 0a08 00       		.byte	0
 1399 0a09 0B       		.uleb128 0xb
 1400 0a0a 231A0000 		.4byte	.LASF305
 1401 0a0e 09       		.byte	0x9
 1402 0a0f A9       		.byte	0xa9
 1403 0a10 4B050000 		.4byte	0x54b
 1404 0a14 04       		.byte	0x4
 1405 0a15 0B       		.uleb128 0xb
 1406 0a16 BF1C0000 		.4byte	.LASF306
 1407 0a1a 09       		.byte	0x9
 1408 0a1b AD       		.byte	0xad
 1409 0a1c 4B050000 		.4byte	0x54b
 1410 0a20 08       		.byte	0x8
 1411 0a21 0B       		.uleb128 0xb
 1412 0a22 80080000 		.4byte	.LASF307
 1413 0a26 09       		.byte	0x9
 1414 0a27 B1       		.byte	0xb1
 1415 0a28 DE090000 		.4byte	0x9de
 1416 0a2c 0C       		.byte	0xc
 1417 0a2d 0B       		.uleb128 0xb
 1418 0a2e A6040000 		.4byte	.LASF308
 1419 0a32 09       		.byte	0x9
 1420 0a33 B6       		.byte	0xb6
 1421 0a34 EA090000 		.4byte	0x9ea
 1422 0a38 14       		.byte	0x14
 1423 0a39 0B       		.uleb128 0xb
 1424 0a3a 3A1F0000 		.4byte	.LASF309
 1425 0a3e 09       		.byte	0x9
 1426 0a3f C4       		.byte	0xc4
 1427 0a40 85090000 		.4byte	0x985
 1428 0a44 18       		.byte	0x18
 1429 0a45 0B       		.uleb128 0xb
 1430 0a46 16060000 		.4byte	.LASF310
 1431 0a4a 09       		.byte	0x9
 1432 0a4b CD       		.byte	0xcd
 1433 0a4c 85090000 		.4byte	0x985
 1434 0a50 1C       		.byte	0x1c
 1435 0a51 0B       		.uleb128 0xb
 1436 0a52 850C0000 		.4byte	.LASF311
 1437 0a56 09       		.byte	0x9
 1438 0a57 D1       		.byte	0xd1
 1439 0a58 DE090000 		.4byte	0x9de
ARM GAS  C:\Users\29928\AppData\Local\Temp\ccFg793O.s 			page 30


 1440 0a5c 20       		.byte	0x20
 1441 0a5d 0B       		.uleb128 0xb
 1442 0a5e 8C090000 		.4byte	.LASF312
 1443 0a62 09       		.byte	0x9
 1444 0a63 D5       		.byte	0xd5
 1445 0a64 DE090000 		.4byte	0x9de
 1446 0a68 28       		.byte	0x28
 1447 0a69 00       		.byte	0
 1448 0a6a 06       		.uleb128 0x6
 1449 0a6b 5C0F0000 		.4byte	.LASF313
 1450 0a6f 09       		.byte	0x9
 1451 0a70 D7       		.byte	0xd7
 1452 0a71 F5090000 		.4byte	0x9f5
 1453 0a75 0E       		.uleb128 0xe
 1454 0a76 08       		.byte	0x8
 1455 0a77 09       		.byte	0x9
 1456 0a78 1001     		.2byte	0x110
 1457 0a7a 990A0000 		.4byte	0xa99
 1458 0a7e 0F       		.uleb128 0xf
 1459 0a7f 46000000 		.4byte	.LASF314
 1460 0a83 09       		.byte	0x9
 1461 0a84 1701     		.2byte	0x117
 1462 0a86 4B050000 		.4byte	0x54b
 1463 0a8a 00       		.byte	0
 1464 0a8b 0F       		.uleb128 0xf
 1465 0a8c 74190000 		.4byte	.LASF315
 1466 0a90 09       		.byte	0x9
 1467 0a91 2701     		.2byte	0x127
 1468 0a93 4B050000 		.4byte	0x54b
 1469 0a97 04       		.byte	0x4
 1470 0a98 00       		.byte	0
 1471 0a99 07       		.uleb128 0x7
 1472 0a9a 42180000 		.4byte	.LASF316
 1473 0a9e 09       		.byte	0x9
 1474 0a9f 2801     		.2byte	0x128
 1475 0aa1 750A0000 		.4byte	0xa75
 1476 0aa5 10       		.uleb128 0x10
 1477 0aa6 04       		.byte	0x4
 1478 0aa7 23050000 		.4byte	0x523
 1479 0aab 09       		.byte	0x9
 1480 0aac 6F01     		.2byte	0x16f
 1481 0aae 0A0B0000 		.4byte	0xb0a
 1482 0ab2 04       		.uleb128 0x4
 1483 0ab3 5A0E0000 		.4byte	.LASF317
 1484 0ab7 00       		.byte	0
 1485 0ab8 11       		.uleb128 0x11
 1486 0ab9 F41A0000 		.4byte	.LASF318
 1487 0abd 01003200 		.4byte	0x320001
 1488 0ac1 11       		.uleb128 0x11
 1489 0ac2 111C0000 		.4byte	.LASF319
 1490 0ac6 02003200 		.4byte	0x320002
 1491 0aca 11       		.uleb128 0x11
 1492 0acb C50E0000 		.4byte	.LASF320
 1493 0acf 03003100 		.4byte	0x310003
 1494 0ad3 11       		.uleb128 0x11
 1495 0ad4 7D0D0000 		.4byte	.LASF321
 1496 0ad8 04003200 		.4byte	0x320004
ARM GAS  C:\Users\29928\AppData\Local\Temp\ccFg793O.s 			page 31


 1497 0adc 11       		.uleb128 0x11
 1498 0add 9C060000 		.4byte	.LASF322
 1499 0ae1 06003200 		.4byte	0x320006
 1500 0ae5 11       		.uleb128 0x11
 1501 0ae6 A21B0000 		.4byte	.LASF323
 1502 0aea 07003000 		.4byte	0x300007
 1503 0aee 11       		.uleb128 0x11
 1504 0aef 81120000 		.4byte	.LASF324
 1505 0af3 08003200 		.4byte	0x320008
 1506 0af7 11       		.uleb128 0x11
 1507 0af8 F9160000 		.4byte	.LASF325
 1508 0afc 09003200 		.4byte	0x320009
 1509 0b00 11       		.uleb128 0x11
 1510 0b01 A0130000 		.4byte	.LASF326
 1511 0b05 0A003200 		.4byte	0x32000a
 1512 0b09 00       		.byte	0
 1513 0b0a 07       		.uleb128 0x7
 1514 0b0b 13160000 		.4byte	.LASF327
 1515 0b0f 09       		.byte	0x9
 1516 0b10 8E01     		.2byte	0x18e
 1517 0b12 A50A0000 		.4byte	0xaa5
 1518 0b16 0E       		.uleb128 0xe
 1519 0b17 2C       		.byte	0x2c
 1520 0b18 09       		.byte	0x9
 1521 0b19 FC01     		.2byte	0x1fc
 1522 0b1b 880B0000 		.4byte	0xb88
 1523 0b1f 0F       		.uleb128 0xf
 1524 0b20 46110000 		.4byte	.LASF304
 1525 0b24 09       		.byte	0x9
 1526 0b25 FF01     		.2byte	0x1ff
 1527 0b27 4B050000 		.4byte	0x54b
 1528 0b2b 00       		.byte	0
 1529 0b2c 0F       		.uleb128 0xf
 1530 0b2d 231A0000 		.4byte	.LASF305
 1531 0b31 09       		.byte	0x9
 1532 0b32 0102     		.2byte	0x201
 1533 0b34 4B050000 		.4byte	0x54b
 1534 0b38 04       		.byte	0x4
 1535 0b39 0F       		.uleb128 0xf
 1536 0b3a E4090000 		.4byte	.LASF328
 1537 0b3e 09       		.byte	0x9
 1538 0b3f 0302     		.2byte	0x203
 1539 0b41 85090000 		.4byte	0x985
 1540 0b45 08       		.byte	0x8
 1541 0b46 0F       		.uleb128 0xf
 1542 0b47 55120000 		.4byte	.LASF329
 1543 0b4b 09       		.byte	0x9
 1544 0b4c 0502     		.2byte	0x205
 1545 0b4e 85090000 		.4byte	0x985
 1546 0b52 0C       		.byte	0xc
 1547 0b53 0F       		.uleb128 0xf
 1548 0b54 850C0000 		.4byte	.LASF311
 1549 0b58 09       		.byte	0x9
 1550 0b59 0702     		.2byte	0x207
 1551 0b5b DE090000 		.4byte	0x9de
 1552 0b5f 10       		.byte	0x10
 1553 0b60 0F       		.uleb128 0xf
ARM GAS  C:\Users\29928\AppData\Local\Temp\ccFg793O.s 			page 32


 1554 0b61 8C090000 		.4byte	.LASF312
 1555 0b65 09       		.byte	0x9
 1556 0b66 0902     		.2byte	0x209
 1557 0b68 DE090000 		.4byte	0x9de
 1558 0b6c 18       		.byte	0x18
 1559 0b6d 0F       		.uleb128 0xf
 1560 0b6e B70A0000 		.4byte	.LASF330
 1561 0b72 09       		.byte	0x9
 1562 0b73 0B02     		.2byte	0x20b
 1563 0b75 880B0000 		.4byte	0xb88
 1564 0b79 20       		.byte	0x20
 1565 0b7a 0F       		.uleb128 0xf
 1566 0b7b 68170000 		.4byte	.LASF331
 1567 0b7f 09       		.byte	0x9
 1568 0b80 0D02     		.2byte	0x20d
 1569 0b82 990A0000 		.4byte	0xa99
 1570 0b86 24       		.byte	0x24
 1571 0b87 00       		.byte	0
 1572 0b88 05       		.uleb128 0x5
 1573 0b89 01       		.byte	0x1
 1574 0b8a 02       		.byte	0x2
 1575 0b8b 260A0000 		.4byte	.LASF332
 1576 0b8f 07       		.uleb128 0x7
 1577 0b90 9D020000 		.4byte	.LASF333
 1578 0b94 09       		.byte	0x9
 1579 0b95 0E02     		.2byte	0x20e
 1580 0b97 160B0000 		.4byte	0xb16
 1581 0b9b 12       		.uleb128 0x12
 1582 0b9c 04       		.byte	0x4
 1583 0b9d 10       		.uleb128 0x10
 1584 0b9e 01       		.byte	0x1
 1585 0b9f B3040000 		.4byte	0x4b3
 1586 0ba3 0A       		.byte	0xa
 1587 0ba4 1304     		.2byte	0x413
 1588 0ba6 C30B0000 		.4byte	0xbc3
 1589 0baa 04       		.uleb128 0x4
 1590 0bab D0040000 		.4byte	.LASF334
 1591 0baf 00       		.byte	0
 1592 0bb0 04       		.uleb128 0x4
 1593 0bb1 39080000 		.4byte	.LASF335
 1594 0bb5 01       		.byte	0x1
 1595 0bb6 04       		.uleb128 0x4
 1596 0bb7 E1160000 		.4byte	.LASF336
 1597 0bbb 02       		.byte	0x2
 1598 0bbc 04       		.uleb128 0x4
 1599 0bbd 01020000 		.4byte	.LASF337
 1600 0bc1 03       		.byte	0x3
 1601 0bc2 00       		.byte	0
 1602 0bc3 07       		.uleb128 0x7
 1603 0bc4 D21E0000 		.4byte	.LASF338
 1604 0bc8 0A       		.byte	0xa
 1605 0bc9 1804     		.2byte	0x418
 1606 0bcb 9D0B0000 		.4byte	0xb9d
 1607 0bcf 0E       		.uleb128 0xe
 1608 0bd0 78       		.byte	0x78
 1609 0bd1 0A       		.byte	0xa
 1610 0bd2 0205     		.2byte	0x502
ARM GAS  C:\Users\29928\AppData\Local\Temp\ccFg793O.s 			page 33


 1611 0bd4 9C0C0000 		.4byte	0xc9c
 1612 0bd8 0F       		.uleb128 0xf
 1613 0bd9 0C1C0000 		.4byte	.LASF339
 1614 0bdd 0A       		.byte	0xa
 1615 0bde 0405     		.2byte	0x504
 1616 0be0 4B050000 		.4byte	0x54b
 1617 0be4 00       		.byte	0
 1618 0be5 0F       		.uleb128 0xf
 1619 0be6 4F1A0000 		.4byte	.LASF340
 1620 0bea 0A       		.byte	0xa
 1621 0beb 0505     		.2byte	0x505
 1622 0bed 4B050000 		.4byte	0x54b
 1623 0bf1 04       		.byte	0x4
 1624 0bf2 0F       		.uleb128 0xf
 1625 0bf3 7C140000 		.4byte	.LASF341
 1626 0bf7 0A       		.byte	0xa
 1627 0bf8 0605     		.2byte	0x506
 1628 0bfa 4B050000 		.4byte	0x54b
 1629 0bfe 08       		.byte	0x8
 1630 0bff 0F       		.uleb128 0xf
 1631 0c00 C4180000 		.4byte	.LASF342
 1632 0c04 0A       		.byte	0xa
 1633 0c05 0705     		.2byte	0x507
 1634 0c07 4B050000 		.4byte	0x54b
 1635 0c0b 0C       		.byte	0xc
 1636 0c0c 0F       		.uleb128 0xf
 1637 0c0d 17080000 		.4byte	.LASF343
 1638 0c11 0A       		.byte	0xa
 1639 0c12 0805     		.2byte	0x508
 1640 0c14 4B050000 		.4byte	0x54b
 1641 0c18 10       		.byte	0x10
 1642 0c19 0F       		.uleb128 0xf
 1643 0c1a DC0E0000 		.4byte	.LASF344
 1644 0c1e 0A       		.byte	0xa
 1645 0c1f 0905     		.2byte	0x509
 1646 0c21 C30B0000 		.4byte	0xbc3
 1647 0c25 14       		.byte	0x14
 1648 0c26 0F       		.uleb128 0xf
 1649 0c27 9B0C0000 		.4byte	.LASF345
 1650 0c2b 0A       		.byte	0xa
 1651 0c2c 0A05     		.2byte	0x50a
 1652 0c2e 4B050000 		.4byte	0x54b
 1653 0c32 18       		.byte	0x18
 1654 0c33 0F       		.uleb128 0xf
 1655 0c34 A2110000 		.4byte	.LASF346
 1656 0c38 0A       		.byte	0xa
 1657 0c39 0B05     		.2byte	0x50b
 1658 0c3b 9C0C0000 		.4byte	0xc9c
 1659 0c3f 1C       		.byte	0x1c
 1660 0c40 0F       		.uleb128 0xf
 1661 0c41 8E1F0000 		.4byte	.LASF347
 1662 0c45 0A       		.byte	0xa
 1663 0c46 0C05     		.2byte	0x50c
 1664 0c48 4B050000 		.4byte	0x54b
 1665 0c4c 5C       		.byte	0x5c
 1666 0c4d 0F       		.uleb128 0xf
 1667 0c4e 33040000 		.4byte	.LASF348
ARM GAS  C:\Users\29928\AppData\Local\Temp\ccFg793O.s 			page 34


 1668 0c52 0A       		.byte	0xa
 1669 0c53 0D05     		.2byte	0x50d
 1670 0c55 4B050000 		.4byte	0x54b
 1671 0c59 60       		.byte	0x60
 1672 0c5a 0F       		.uleb128 0xf
 1673 0c5b AA1E0000 		.4byte	.LASF349
 1674 0c5f 0A       		.byte	0xa
 1675 0c60 0E05     		.2byte	0x50e
 1676 0c62 4B050000 		.4byte	0x54b
 1677 0c66 64       		.byte	0x64
 1678 0c67 0F       		.uleb128 0xf
 1679 0c68 D2130000 		.4byte	.LASF350
 1680 0c6c 0A       		.byte	0xa
 1681 0c6d 0F05     		.2byte	0x50f
 1682 0c6f 4B050000 		.4byte	0x54b
 1683 0c73 68       		.byte	0x68
 1684 0c74 0F       		.uleb128 0xf
 1685 0c75 8A0E0000 		.4byte	.LASF351
 1686 0c79 0A       		.byte	0xa
 1687 0c7a 1005     		.2byte	0x510
 1688 0c7c 4B050000 		.4byte	0x54b
 1689 0c80 6C       		.byte	0x6c
 1690 0c81 0F       		.uleb128 0xf
 1691 0c82 081E0000 		.4byte	.LASF352
 1692 0c86 0A       		.byte	0xa
 1693 0c87 1105     		.2byte	0x511
 1694 0c89 880B0000 		.4byte	0xb88
 1695 0c8d 70       		.byte	0x70
 1696 0c8e 0F       		.uleb128 0xf
 1697 0c8f 8D0B0000 		.4byte	.LASF353
 1698 0c93 0A       		.byte	0xa
 1699 0c94 1205     		.2byte	0x512
 1700 0c96 4B050000 		.4byte	0x54b
 1701 0c9a 74       		.byte	0x74
 1702 0c9b 00       		.byte	0
 1703 0c9c 13       		.uleb128 0x13
 1704 0c9d 4B050000 		.4byte	0x54b
 1705 0ca1 AC0C0000 		.4byte	0xcac
 1706 0ca5 14       		.uleb128 0x14
 1707 0ca6 56050000 		.4byte	0x556
 1708 0caa 0F       		.byte	0xf
 1709 0cab 00       		.byte	0
 1710 0cac 07       		.uleb128 0x7
 1711 0cad 6C080000 		.4byte	.LASF354
 1712 0cb1 0A       		.byte	0xa
 1713 0cb2 1305     		.2byte	0x513
 1714 0cb4 CF0B0000 		.4byte	0xbcf
 1715 0cb8 0C       		.uleb128 0xc
 1716 0cb9 04       		.byte	0x4
 1717 0cba BE0C0000 		.4byte	0xcbe
 1718 0cbe 15       		.uleb128 0x15
 1719 0cbf C90C0000 		.4byte	0xcc9
 1720 0cc3 16       		.uleb128 0x16
 1721 0cc4 4B050000 		.4byte	0x54b
 1722 0cc8 00       		.byte	0
 1723 0cc9 07       		.uleb128 0x7
 1724 0cca 6D110000 		.4byte	.LASF355
ARM GAS  C:\Users\29928\AppData\Local\Temp\ccFg793O.s 			page 35


 1725 0cce 0B       		.byte	0xb
 1726 0ccf D901     		.2byte	0x1d9
 1727 0cd1 B80C0000 		.4byte	0xcb8
 1728 0cd5 17       		.uleb128 0x17
 1729 0cd6 C5060000 		.4byte	.LASF371
 1730 0cda 38       		.byte	0x38
 1731 0cdb 0B       		.byte	0xb
 1732 0cdc 7502     		.2byte	0x275
 1733 0cde 990D0000 		.4byte	0xd99
 1734 0ce2 0F       		.uleb128 0xf
 1735 0ce3 15010000 		.4byte	.LASF356
 1736 0ce7 0B       		.byte	0xb
 1737 0ce8 7802     		.2byte	0x278
 1738 0cea 5D050000 		.4byte	0x55d
 1739 0cee 00       		.byte	0
 1740 0cef 0F       		.uleb128 0xf
 1741 0cf0 27090000 		.4byte	.LASF357
 1742 0cf4 0B       		.byte	0xb
 1743 0cf5 7902     		.2byte	0x279
 1744 0cf7 5D050000 		.4byte	0x55d
 1745 0cfb 04       		.byte	0x4
 1746 0cfc 0F       		.uleb128 0xf
 1747 0cfd EF130000 		.4byte	.LASF358
 1748 0d01 0B       		.byte	0xb
 1749 0d02 7B02     		.2byte	0x27b
 1750 0d04 9B0B0000 		.4byte	0xb9b
 1751 0d08 08       		.byte	0x8
 1752 0d09 0F       		.uleb128 0xf
 1753 0d0a 90030000 		.4byte	.LASF359
 1754 0d0e 0B       		.byte	0xb
 1755 0d0f 7C02     		.2byte	0x27c
 1756 0d11 4B050000 		.4byte	0x54b
 1757 0d15 0C       		.byte	0xc
 1758 0d16 0F       		.uleb128 0xf
 1759 0d17 38110000 		.4byte	.LASF360
 1760 0d1b 0B       		.byte	0xb
 1761 0d1c 7D02     		.2byte	0x27d
 1762 0d1e 5D050000 		.4byte	0x55d
 1763 0d22 10       		.byte	0x10
 1764 0d23 0F       		.uleb128 0xf
 1765 0d24 A20C0000 		.4byte	.LASF361
 1766 0d28 0B       		.byte	0xb
 1767 0d29 7E02     		.2byte	0x27e
 1768 0d2b 5D050000 		.4byte	0x55d
 1769 0d2f 14       		.byte	0x14
 1770 0d30 0F       		.uleb128 0xf
 1771 0d31 30090000 		.4byte	.LASF362
 1772 0d35 0B       		.byte	0xb
 1773 0d36 8002     		.2byte	0x280
 1774 0d38 9B0B0000 		.4byte	0xb9b
 1775 0d3c 18       		.byte	0x18
 1776 0d3d 0F       		.uleb128 0xf
 1777 0d3e A71F0000 		.4byte	.LASF363
 1778 0d42 0B       		.byte	0xb
 1779 0d43 8102     		.2byte	0x281
 1780 0d45 4B050000 		.4byte	0x54b
 1781 0d49 1C       		.byte	0x1c
ARM GAS  C:\Users\29928\AppData\Local\Temp\ccFg793O.s 			page 36


 1782 0d4a 0F       		.uleb128 0xf
 1783 0d4b 740D0000 		.4byte	.LASF364
 1784 0d4f 0B       		.byte	0xb
 1785 0d50 8202     		.2byte	0x282
 1786 0d52 5D050000 		.4byte	0x55d
 1787 0d56 20       		.byte	0x20
 1788 0d57 0F       		.uleb128 0xf
 1789 0d58 79130000 		.4byte	.LASF365
 1790 0d5c 0B       		.byte	0xb
 1791 0d5d 8402     		.2byte	0x284
 1792 0d5f 9B0B0000 		.4byte	0xb9b
 1793 0d63 24       		.byte	0x24
 1794 0d64 0F       		.uleb128 0xf
 1795 0d65 2C0A0000 		.4byte	.LASF366
 1796 0d69 0B       		.byte	0xb
 1797 0d6a 8502     		.2byte	0x285
 1798 0d6c 4B050000 		.4byte	0x54b
 1799 0d70 28       		.byte	0x28
 1800 0d71 0F       		.uleb128 0xf
 1801 0d72 76170000 		.4byte	.LASF367
 1802 0d76 0B       		.byte	0xb
 1803 0d77 8602     		.2byte	0x286
 1804 0d79 5D050000 		.4byte	0x55d
 1805 0d7d 2C       		.byte	0x2c
 1806 0d7e 0F       		.uleb128 0xf
 1807 0d7f 080A0000 		.4byte	.LASF368
 1808 0d83 0B       		.byte	0xb
 1809 0d84 8B02     		.2byte	0x28b
 1810 0d86 C90C0000 		.4byte	0xcc9
 1811 0d8a 30       		.byte	0x30
 1812 0d8b 0F       		.uleb128 0xf
 1813 0d8c E21D0000 		.4byte	.LASF369
 1814 0d90 0B       		.byte	0xb
 1815 0d91 8E02     		.2byte	0x28e
 1816 0d93 4B050000 		.4byte	0x54b
 1817 0d97 34       		.byte	0x34
 1818 0d98 00       		.byte	0
 1819 0d99 07       		.uleb128 0x7
 1820 0d9a 5B060000 		.4byte	.LASF370
 1821 0d9e 0B       		.byte	0xb
 1822 0d9f 9102     		.2byte	0x291
 1823 0da1 D50C0000 		.4byte	0xcd5
 1824 0da5 18       		.uleb128 0x18
 1825 0da6 461D0000 		.4byte	.LASF372
 1826 0daa 4C       		.byte	0x4c
 1827 0dab 0C       		.byte	0xc
 1828 0dac 2F       		.byte	0x2f
 1829 0dad 960E0000 		.4byte	0xe96
 1830 0db1 0B       		.uleb128 0xb
 1831 0db2 F11C0000 		.4byte	.LASF373
 1832 0db6 0C       		.byte	0xc
 1833 0db7 31       		.byte	0x31
 1834 0db8 4B050000 		.4byte	0x54b
 1835 0dbc 00       		.byte	0
 1836 0dbd 0B       		.uleb128 0xb
 1837 0dbe 300D0000 		.4byte	.LASF374
 1838 0dc2 0C       		.byte	0xc
ARM GAS  C:\Users\29928\AppData\Local\Temp\ccFg793O.s 			page 37


 1839 0dc3 33       		.byte	0x33
 1840 0dc4 4B050000 		.4byte	0x54b
 1841 0dc8 04       		.byte	0x4
 1842 0dc9 0B       		.uleb128 0xb
 1843 0dca 17140000 		.4byte	.LASF375
 1844 0dce 0C       		.byte	0xc
 1845 0dcf 34       		.byte	0x34
 1846 0dd0 4B050000 		.4byte	0x54b
 1847 0dd4 08       		.byte	0x8
 1848 0dd5 0B       		.uleb128 0xb
 1849 0dd6 D2160000 		.4byte	.LASF376
 1850 0dda 0C       		.byte	0xc
 1851 0ddb 35       		.byte	0x35
 1852 0ddc 4B050000 		.4byte	0x54b
 1853 0de0 0C       		.byte	0xc
 1854 0de1 0B       		.uleb128 0xb
 1855 0de2 60150000 		.4byte	.LASF377
 1856 0de6 0C       		.byte	0xc
 1857 0de7 37       		.byte	0x37
 1858 0de8 4B050000 		.4byte	0x54b
 1859 0dec 10       		.byte	0x10
 1860 0ded 0B       		.uleb128 0xb
 1861 0dee 6C0E0000 		.4byte	.LASF378
 1862 0df2 0C       		.byte	0xc
 1863 0df3 38       		.byte	0x38
 1864 0df4 4B050000 		.4byte	0x54b
 1865 0df8 14       		.byte	0x14
 1866 0df9 0B       		.uleb128 0xb
 1867 0dfa BB040000 		.4byte	.LASF379
 1868 0dfe 0C       		.byte	0xc
 1869 0dff 39       		.byte	0x39
 1870 0e00 4B050000 		.4byte	0x54b
 1871 0e04 18       		.byte	0x18
 1872 0e05 0B       		.uleb128 0xb
 1873 0e06 EF150000 		.4byte	.LASF380
 1874 0e0a 0C       		.byte	0xc
 1875 0e0b 3A       		.byte	0x3a
 1876 0e0c 880B0000 		.4byte	0xb88
 1877 0e10 1C       		.byte	0x1c
 1878 0e11 0B       		.uleb128 0xb
 1879 0e12 85050000 		.4byte	.LASF381
 1880 0e16 0C       		.byte	0xc
 1881 0e17 3C       		.byte	0x3c
 1882 0e18 4B050000 		.4byte	0x54b
 1883 0e1c 20       		.byte	0x20
 1884 0e1d 0B       		.uleb128 0xb
 1885 0e1e CF080000 		.4byte	.LASF382
 1886 0e22 0C       		.byte	0xc
 1887 0e23 3D       		.byte	0x3d
 1888 0e24 4B050000 		.4byte	0x54b
 1889 0e28 24       		.byte	0x24
 1890 0e29 0B       		.uleb128 0xb
 1891 0e2a 230C0000 		.4byte	.LASF383
 1892 0e2e 0C       		.byte	0xc
 1893 0e2f 3F       		.byte	0x3f
 1894 0e30 4B050000 		.4byte	0x54b
 1895 0e34 28       		.byte	0x28
ARM GAS  C:\Users\29928\AppData\Local\Temp\ccFg793O.s 			page 38


 1896 0e35 0B       		.uleb128 0xb
 1897 0e36 5D110000 		.4byte	.LASF384
 1898 0e3a 0C       		.byte	0xc
 1899 0e3b 40       		.byte	0x40
 1900 0e3c 4B050000 		.4byte	0x54b
 1901 0e40 2C       		.byte	0x2c
 1902 0e41 0B       		.uleb128 0xb
 1903 0e42 B11F0000 		.4byte	.LASF385
 1904 0e46 0C       		.byte	0xc
 1905 0e47 42       		.byte	0x42
 1906 0e48 4B050000 		.4byte	0x54b
 1907 0e4c 30       		.byte	0x30
 1908 0e4d 0B       		.uleb128 0xb
 1909 0e4e A9080000 		.4byte	.LASF386
 1910 0e52 0C       		.byte	0xc
 1911 0e53 43       		.byte	0x43
 1912 0e54 4B050000 		.4byte	0x54b
 1913 0e58 34       		.byte	0x34
 1914 0e59 0B       		.uleb128 0xb
 1915 0e5a 5B020000 		.4byte	.LASF387
 1916 0e5e 0C       		.byte	0xc
 1917 0e5f 45       		.byte	0x45
 1918 0e60 4B050000 		.4byte	0x54b
 1919 0e64 38       		.byte	0x38
 1920 0e65 0B       		.uleb128 0xb
 1921 0e66 E0080000 		.4byte	.LASF388
 1922 0e6a 0C       		.byte	0xc
 1923 0e6b 46       		.byte	0x46
 1924 0e6c 4B050000 		.4byte	0x54b
 1925 0e70 3C       		.byte	0x3c
 1926 0e71 0B       		.uleb128 0xb
 1927 0e72 521B0000 		.4byte	.LASF389
 1928 0e76 0C       		.byte	0xc
 1929 0e77 48       		.byte	0x48
 1930 0e78 4B050000 		.4byte	0x54b
 1931 0e7c 40       		.byte	0x40
 1932 0e7d 0B       		.uleb128 0xb
 1933 0e7e 53160000 		.4byte	.LASF390
 1934 0e82 0C       		.byte	0xc
 1935 0e83 49       		.byte	0x49
 1936 0e84 4B050000 		.4byte	0x54b
 1937 0e88 44       		.byte	0x44
 1938 0e89 0B       		.uleb128 0xb
 1939 0e8a 071B0000 		.4byte	.LASF391
 1940 0e8e 0C       		.byte	0xc
 1941 0e8f 4B       		.byte	0x4b
 1942 0e90 4B050000 		.4byte	0x54b
 1943 0e94 48       		.byte	0x48
 1944 0e95 00       		.byte	0
 1945 0e96 06       		.uleb128 0x6
 1946 0e97 A7140000 		.4byte	.LASF392
 1947 0e9b 0C       		.byte	0xc
 1948 0e9c 4C       		.byte	0x4c
 1949 0e9d A50D0000 		.4byte	0xda5
 1950 0ea1 0A       		.uleb128 0xa
 1951 0ea2 14       		.byte	0x14
 1952 0ea3 0D       		.byte	0xd
ARM GAS  C:\Users\29928\AppData\Local\Temp\ccFg793O.s 			page 39


 1953 0ea4 3B       		.byte	0x3b
 1954 0ea5 E60E0000 		.4byte	0xee6
 1955 0ea9 0B       		.uleb128 0xb
 1956 0eaa CE020000 		.4byte	.LASF393
 1957 0eae 0D       		.byte	0xd
 1958 0eaf 3D       		.byte	0x3d
 1959 0eb0 4B050000 		.4byte	0x54b
 1960 0eb4 00       		.byte	0
 1961 0eb5 0B       		.uleb128 0xb
 1962 0eb6 B9060000 		.4byte	.LASF394
 1963 0eba 0D       		.byte	0xd
 1964 0ebb 3E       		.byte	0x3e
 1965 0ebc 4B050000 		.4byte	0x54b
 1966 0ec0 04       		.byte	0x4
 1967 0ec1 0B       		.uleb128 0xb
 1968 0ec2 2C030000 		.4byte	.LASF395
 1969 0ec6 0D       		.byte	0xd
 1970 0ec7 3F       		.byte	0x3f
 1971 0ec8 E60E0000 		.4byte	0xee6
 1972 0ecc 08       		.byte	0x8
 1973 0ecd 0B       		.uleb128 0xb
 1974 0ece EE170000 		.4byte	.LASF396
 1975 0ed2 0D       		.byte	0xd
 1976 0ed3 40       		.byte	0x40
 1977 0ed4 4B050000 		.4byte	0x54b
 1978 0ed8 0C       		.byte	0xc
 1979 0ed9 0B       		.uleb128 0xb
 1980 0eda C71B0000 		.4byte	.LASF397
 1981 0ede 0D       		.byte	0xd
 1982 0edf 45       		.byte	0x45
 1983 0ee0 4B050000 		.4byte	0x54b
 1984 0ee4 10       		.byte	0x10
 1985 0ee5 00       		.byte	0
 1986 0ee6 0C       		.uleb128 0xc
 1987 0ee7 04       		.byte	0x4
 1988 0ee8 EC0E0000 		.4byte	0xeec
 1989 0eec 19       		.uleb128 0x19
 1990 0eed AC0C0000 		.4byte	0xcac
 1991 0ef1 06       		.uleb128 0x6
 1992 0ef2 01160000 		.4byte	.LASF398
 1993 0ef6 0D       		.byte	0xd
 1994 0ef7 48       		.byte	0x48
 1995 0ef8 A10E0000 		.4byte	0xea1
 1996 0efc 1A       		.uleb128 0x1a
 1997 0efd C91D0000 		.4byte	.LASF413
 1998 0f01 02       		.byte	0x2
 1999 0f02 81       		.byte	0x81
 2000 0f03 03       		.byte	0x3
 2001 0f04 1B       		.uleb128 0x1b
 2002 0f05 711D0000 		.4byte	.LASF414
 2003 0f09 01       		.byte	0x1
 2004 0f0a 4B       		.byte	0x4b
 2005 0f0b 1C050000 		.4byte	0x51c
 2006 0f0f 00000000 		.4byte	.LFB549
 2007 0f13 24000000 		.4byte	.LFE549-.LFB549
 2008 0f17 01       		.uleb128 0x1
 2009 0f18 9C       		.byte	0x9c
ARM GAS  C:\Users\29928\AppData\Local\Temp\ccFg793O.s 			page 40


 2010 0f19 600F0000 		.4byte	0xf60
 2011 0f1d 1C       		.uleb128 0x1c
 2012 0f1e FC0E0000 		.4byte	0xefc
 2013 0f22 02000000 		.4byte	.LBB4
 2014 0f26 02000000 		.4byte	.LBE4-.LBB4
 2015 0f2a 01       		.byte	0x1
 2016 0f2b 4D       		.byte	0x4d
 2017 0f2c 1D       		.uleb128 0x1d
 2018 0f2d 0C000000 		.4byte	.LVL0
 2019 0f31 06100000 		.4byte	0x1006
 2020 0f35 4C0F0000 		.4byte	0xf4c
 2021 0f39 1E       		.uleb128 0x1e
 2022 0f3a 01       		.uleb128 0x1
 2023 0f3b 50       		.byte	0x50
 2024 0f3c 05       		.uleb128 0x5
 2025 0f3d 03       		.byte	0x3
 2026 0f3e 00000000 		.4byte	.LANCHOR0
 2027 0f42 1E       		.uleb128 0x1e
 2028 0f43 01       		.uleb128 0x1
 2029 0f44 51       		.byte	0x51
 2030 0f45 05       		.uleb128 0x5
 2031 0f46 03       		.byte	0x3
 2032 0f47 00000000 		.4byte	cryptoServerContext
 2033 0f4b 00       		.byte	0
 2034 0f4c 1F       		.uleb128 0x1f
 2035 0f4d 16000000 		.4byte	.LVL1
 2036 0f51 11100000 		.4byte	0x1011
 2037 0f55 1E       		.uleb128 0x1e
 2038 0f56 01       		.uleb128 0x1
 2039 0f57 50       		.byte	0x50
 2040 0f58 05       		.uleb128 0x5
 2041 0f59 0C       		.byte	0xc
 2042 0f5a 00000810 		.4byte	0x10080000
 2043 0f5e 00       		.byte	0
 2044 0f5f 00       		.byte	0
 2045 0f60 20       		.uleb128 0x20
 2046 0f61 91000000 		.4byte	.LASF399
 2047 0f65 06       		.byte	0x6
 2048 0f66 A7       		.byte	0xa7
 2049 0f67 6B0F0000 		.4byte	0xf6b
 2050 0f6b 0C       		.uleb128 0xc
 2051 0f6c 04       		.byte	0x4
 2052 0f6d 710F0000 		.4byte	0xf71
 2053 0f71 19       		.uleb128 0x19
 2054 0f72 7A090000 		.4byte	0x97a
 2055 0f76 20       		.uleb128 0x20
 2056 0f77 B21C0000 		.4byte	.LASF400
 2057 0f7b 0E       		.byte	0xe
 2058 0f7c 87       		.byte	0x87
 2059 0f7d 990D0000 		.4byte	0xd99
 2060 0f81 21       		.uleb128 0x21
 2061 0f82 281C0000 		.4byte	.LASF401
 2062 0f86 0D       		.byte	0xd
 2063 0f87 6001     		.2byte	0x160
 2064 0f89 4B050000 		.4byte	0x54b
 2065 0f8d 13       		.uleb128 0x13
 2066 0f8e 9D0F0000 		.4byte	0xf9d
ARM GAS  C:\Users\29928\AppData\Local\Temp\ccFg793O.s 			page 41


 2067 0f92 9D0F0000 		.4byte	0xf9d
 2068 0f96 14       		.uleb128 0x14
 2069 0f97 56050000 		.4byte	0x556
 2070 0f9b 00       		.byte	0
 2071 0f9c 00       		.byte	0
 2072 0f9d 19       		.uleb128 0x19
 2073 0f9e F10E0000 		.4byte	0xef1
 2074 0fa2 21       		.uleb128 0x21
 2075 0fa3 E0150000 		.4byte	.LASF402
 2076 0fa7 0D       		.byte	0xd
 2077 0fa8 6401     		.2byte	0x164
 2078 0faa AE0F0000 		.4byte	0xfae
 2079 0fae 19       		.uleb128 0x19
 2080 0faf 8D0F0000 		.4byte	0xf8d
 2081 0fb3 20       		.uleb128 0x20
 2082 0fb4 9B190000 		.4byte	.LASF403
 2083 0fb8 0F       		.byte	0xf
 2084 0fb9 1F       		.byte	0x1f
 2085 0fba BE0F0000 		.4byte	0xfbe
 2086 0fbe 19       		.uleb128 0x19
 2087 0fbf 960E0000 		.4byte	0xe96
 2088 0fc3 20       		.uleb128 0x20
 2089 0fc4 620B0000 		.4byte	.LASF404
 2090 0fc8 10       		.byte	0x10
 2091 0fc9 87       		.byte	0x87
 2092 0fca 990D0000 		.4byte	0xd99
 2093 0fce 22       		.uleb128 0x22
 2094 0fcf 6E000000 		.4byte	.LASF405
 2095 0fd3 01       		.byte	0x1
 2096 0fd4 1F       		.byte	0x1f
 2097 0fd5 8F0B0000 		.4byte	0xb8f
 2098 0fd9 05       		.uleb128 0x5
 2099 0fda 03       		.byte	0x3
 2100 0fdb 00000000 		.4byte	cryptoServerContext
 2101 0fdf 22       		.uleb128 0x22
 2102 0fe0 E1100000 		.4byte	.LASF406
 2103 0fe4 01       		.byte	0x1
 2104 0fe5 20       		.byte	0x20
 2105 0fe6 0A0B0000 		.4byte	0xb0a
 2106 0fea 05       		.uleb128 0x5
 2107 0feb 03       		.byte	0x3
 2108 0fec 00000000 		.4byte	cryptoStatus
 2109 0ff0 22       		.uleb128 0x22
 2110 0ff1 A3170000 		.4byte	.LASF407
 2111 0ff5 01       		.byte	0x1
 2112 0ff6 23       		.byte	0x23
 2113 0ff7 01100000 		.4byte	0x1001
 2114 0ffb 05       		.uleb128 0x5
 2115 0ffc 03       		.byte	0x3
 2116 0ffd 00000000 		.4byte	cryptoConfig
 2117 1001 19       		.uleb128 0x19
 2118 1002 6A0A0000 		.4byte	0xa6a
 2119 1006 23       		.uleb128 0x23
 2120 1007 DA020000 		.4byte	.LASF408
 2121 100b DA020000 		.4byte	.LASF408
 2122 100f 11       		.byte	0x11
 2123 1010 7B       		.byte	0x7b
ARM GAS  C:\Users\29928\AppData\Local\Temp\ccFg793O.s 			page 42


 2124 1011 24       		.uleb128 0x24
 2125 1012 89140000 		.4byte	.LASF409
 2126 1016 89140000 		.4byte	.LASF409
 2127 101a 12       		.byte	0x12
 2128 101b 2502     		.2byte	0x225
 2129 101d 00       		.byte	0
 2130              		.section	.debug_abbrev,"",%progbits
 2131              	.Ldebug_abbrev0:
 2132 0000 01       		.uleb128 0x1
 2133 0001 11       		.uleb128 0x11
 2134 0002 01       		.byte	0x1
 2135 0003 25       		.uleb128 0x25
 2136 0004 0E       		.uleb128 0xe
 2137 0005 13       		.uleb128 0x13
 2138 0006 0B       		.uleb128 0xb
 2139 0007 03       		.uleb128 0x3
 2140 0008 0E       		.uleb128 0xe
 2141 0009 1B       		.uleb128 0x1b
 2142 000a 0E       		.uleb128 0xe
 2143 000b 55       		.uleb128 0x55
 2144 000c 17       		.uleb128 0x17
 2145 000d 11       		.uleb128 0x11
 2146 000e 01       		.uleb128 0x1
 2147 000f 10       		.uleb128 0x10
 2148 0010 17       		.uleb128 0x17
 2149 0011 00       		.byte	0
 2150 0012 00       		.byte	0
 2151 0013 02       		.uleb128 0x2
 2152 0014 04       		.uleb128 0x4
 2153 0015 01       		.byte	0x1
 2154 0016 0B       		.uleb128 0xb
 2155 0017 0B       		.uleb128 0xb
 2156 0018 49       		.uleb128 0x49
 2157 0019 13       		.uleb128 0x13
 2158 001a 3A       		.uleb128 0x3a
 2159 001b 0B       		.uleb128 0xb
 2160 001c 3B       		.uleb128 0x3b
 2161 001d 0B       		.uleb128 0xb
 2162 001e 01       		.uleb128 0x1
 2163 001f 13       		.uleb128 0x13
 2164 0020 00       		.byte	0
 2165 0021 00       		.byte	0
 2166 0022 03       		.uleb128 0x3
 2167 0023 28       		.uleb128 0x28
 2168 0024 00       		.byte	0
 2169 0025 03       		.uleb128 0x3
 2170 0026 0E       		.uleb128 0xe
 2171 0027 1C       		.uleb128 0x1c
 2172 0028 0D       		.uleb128 0xd
 2173 0029 00       		.byte	0
 2174 002a 00       		.byte	0
 2175 002b 04       		.uleb128 0x4
 2176 002c 28       		.uleb128 0x28
 2177 002d 00       		.byte	0
 2178 002e 03       		.uleb128 0x3
 2179 002f 0E       		.uleb128 0xe
 2180 0030 1C       		.uleb128 0x1c
ARM GAS  C:\Users\29928\AppData\Local\Temp\ccFg793O.s 			page 43


 2181 0031 0B       		.uleb128 0xb
 2182 0032 00       		.byte	0
 2183 0033 00       		.byte	0
 2184 0034 05       		.uleb128 0x5
 2185 0035 24       		.uleb128 0x24
 2186 0036 00       		.byte	0
 2187 0037 0B       		.uleb128 0xb
 2188 0038 0B       		.uleb128 0xb
 2189 0039 3E       		.uleb128 0x3e
 2190 003a 0B       		.uleb128 0xb
 2191 003b 03       		.uleb128 0x3
 2192 003c 0E       		.uleb128 0xe
 2193 003d 00       		.byte	0
 2194 003e 00       		.byte	0
 2195 003f 06       		.uleb128 0x6
 2196 0040 16       		.uleb128 0x16
 2197 0041 00       		.byte	0
 2198 0042 03       		.uleb128 0x3
 2199 0043 0E       		.uleb128 0xe
 2200 0044 3A       		.uleb128 0x3a
 2201 0045 0B       		.uleb128 0xb
 2202 0046 3B       		.uleb128 0x3b
 2203 0047 0B       		.uleb128 0xb
 2204 0048 49       		.uleb128 0x49
 2205 0049 13       		.uleb128 0x13
 2206 004a 00       		.byte	0
 2207 004b 00       		.byte	0
 2208 004c 07       		.uleb128 0x7
 2209 004d 16       		.uleb128 0x16
 2210 004e 00       		.byte	0
 2211 004f 03       		.uleb128 0x3
 2212 0050 0E       		.uleb128 0xe
 2213 0051 3A       		.uleb128 0x3a
 2214 0052 0B       		.uleb128 0xb
 2215 0053 3B       		.uleb128 0x3b
 2216 0054 05       		.uleb128 0x5
 2217 0055 49       		.uleb128 0x49
 2218 0056 13       		.uleb128 0x13
 2219 0057 00       		.byte	0
 2220 0058 00       		.byte	0
 2221 0059 08       		.uleb128 0x8
 2222 005a 24       		.uleb128 0x24
 2223 005b 00       		.byte	0
 2224 005c 0B       		.uleb128 0xb
 2225 005d 0B       		.uleb128 0xb
 2226 005e 3E       		.uleb128 0x3e
 2227 005f 0B       		.uleb128 0xb
 2228 0060 03       		.uleb128 0x3
 2229 0061 08       		.uleb128 0x8
 2230 0062 00       		.byte	0
 2231 0063 00       		.byte	0
 2232 0064 09       		.uleb128 0x9
 2233 0065 35       		.uleb128 0x35
 2234 0066 00       		.byte	0
 2235 0067 49       		.uleb128 0x49
 2236 0068 13       		.uleb128 0x13
 2237 0069 00       		.byte	0
ARM GAS  C:\Users\29928\AppData\Local\Temp\ccFg793O.s 			page 44


 2238 006a 00       		.byte	0
 2239 006b 0A       		.uleb128 0xa
 2240 006c 13       		.uleb128 0x13
 2241 006d 01       		.byte	0x1
 2242 006e 0B       		.uleb128 0xb
 2243 006f 0B       		.uleb128 0xb
 2244 0070 3A       		.uleb128 0x3a
 2245 0071 0B       		.uleb128 0xb
 2246 0072 3B       		.uleb128 0x3b
 2247 0073 0B       		.uleb128 0xb
 2248 0074 01       		.uleb128 0x1
 2249 0075 13       		.uleb128 0x13
 2250 0076 00       		.byte	0
 2251 0077 00       		.byte	0
 2252 0078 0B       		.uleb128 0xb
 2253 0079 0D       		.uleb128 0xd
 2254 007a 00       		.byte	0
 2255 007b 03       		.uleb128 0x3
 2256 007c 0E       		.uleb128 0xe
 2257 007d 3A       		.uleb128 0x3a
 2258 007e 0B       		.uleb128 0xb
 2259 007f 3B       		.uleb128 0x3b
 2260 0080 0B       		.uleb128 0xb
 2261 0081 49       		.uleb128 0x49
 2262 0082 13       		.uleb128 0x13
 2263 0083 38       		.uleb128 0x38
 2264 0084 0B       		.uleb128 0xb
 2265 0085 00       		.byte	0
 2266 0086 00       		.byte	0
 2267 0087 0C       		.uleb128 0xc
 2268 0088 0F       		.uleb128 0xf
 2269 0089 00       		.byte	0
 2270 008a 0B       		.uleb128 0xb
 2271 008b 0B       		.uleb128 0xb
 2272 008c 49       		.uleb128 0x49
 2273 008d 13       		.uleb128 0x13
 2274 008e 00       		.byte	0
 2275 008f 00       		.byte	0
 2276 0090 0D       		.uleb128 0xd
 2277 0091 15       		.uleb128 0x15
 2278 0092 00       		.byte	0
 2279 0093 27       		.uleb128 0x27
 2280 0094 19       		.uleb128 0x19
 2281 0095 00       		.byte	0
 2282 0096 00       		.byte	0
 2283 0097 0E       		.uleb128 0xe
 2284 0098 13       		.uleb128 0x13
 2285 0099 01       		.byte	0x1
 2286 009a 0B       		.uleb128 0xb
 2287 009b 0B       		.uleb128 0xb
 2288 009c 3A       		.uleb128 0x3a
 2289 009d 0B       		.uleb128 0xb
 2290 009e 3B       		.uleb128 0x3b
 2291 009f 05       		.uleb128 0x5
 2292 00a0 01       		.uleb128 0x1
 2293 00a1 13       		.uleb128 0x13
 2294 00a2 00       		.byte	0
ARM GAS  C:\Users\29928\AppData\Local\Temp\ccFg793O.s 			page 45


 2295 00a3 00       		.byte	0
 2296 00a4 0F       		.uleb128 0xf
 2297 00a5 0D       		.uleb128 0xd
 2298 00a6 00       		.byte	0
 2299 00a7 03       		.uleb128 0x3
 2300 00a8 0E       		.uleb128 0xe
 2301 00a9 3A       		.uleb128 0x3a
 2302 00aa 0B       		.uleb128 0xb
 2303 00ab 3B       		.uleb128 0x3b
 2304 00ac 05       		.uleb128 0x5
 2305 00ad 49       		.uleb128 0x49
 2306 00ae 13       		.uleb128 0x13
 2307 00af 38       		.uleb128 0x38
 2308 00b0 0B       		.uleb128 0xb
 2309 00b1 00       		.byte	0
 2310 00b2 00       		.byte	0
 2311 00b3 10       		.uleb128 0x10
 2312 00b4 04       		.uleb128 0x4
 2313 00b5 01       		.byte	0x1
 2314 00b6 0B       		.uleb128 0xb
 2315 00b7 0B       		.uleb128 0xb
 2316 00b8 49       		.uleb128 0x49
 2317 00b9 13       		.uleb128 0x13
 2318 00ba 3A       		.uleb128 0x3a
 2319 00bb 0B       		.uleb128 0xb
 2320 00bc 3B       		.uleb128 0x3b
 2321 00bd 05       		.uleb128 0x5
 2322 00be 01       		.uleb128 0x1
 2323 00bf 13       		.uleb128 0x13
 2324 00c0 00       		.byte	0
 2325 00c1 00       		.byte	0
 2326 00c2 11       		.uleb128 0x11
 2327 00c3 28       		.uleb128 0x28
 2328 00c4 00       		.byte	0
 2329 00c5 03       		.uleb128 0x3
 2330 00c6 0E       		.uleb128 0xe
 2331 00c7 1C       		.uleb128 0x1c
 2332 00c8 06       		.uleb128 0x6
 2333 00c9 00       		.byte	0
 2334 00ca 00       		.byte	0
 2335 00cb 12       		.uleb128 0x12
 2336 00cc 0F       		.uleb128 0xf
 2337 00cd 00       		.byte	0
 2338 00ce 0B       		.uleb128 0xb
 2339 00cf 0B       		.uleb128 0xb
 2340 00d0 00       		.byte	0
 2341 00d1 00       		.byte	0
 2342 00d2 13       		.uleb128 0x13
 2343 00d3 01       		.uleb128 0x1
 2344 00d4 01       		.byte	0x1
 2345 00d5 49       		.uleb128 0x49
 2346 00d6 13       		.uleb128 0x13
 2347 00d7 01       		.uleb128 0x1
 2348 00d8 13       		.uleb128 0x13
 2349 00d9 00       		.byte	0
 2350 00da 00       		.byte	0
 2351 00db 14       		.uleb128 0x14
ARM GAS  C:\Users\29928\AppData\Local\Temp\ccFg793O.s 			page 46


 2352 00dc 21       		.uleb128 0x21
 2353 00dd 00       		.byte	0
 2354 00de 49       		.uleb128 0x49
 2355 00df 13       		.uleb128 0x13
 2356 00e0 2F       		.uleb128 0x2f
 2357 00e1 0B       		.uleb128 0xb
 2358 00e2 00       		.byte	0
 2359 00e3 00       		.byte	0
 2360 00e4 15       		.uleb128 0x15
 2361 00e5 15       		.uleb128 0x15
 2362 00e6 01       		.byte	0x1
 2363 00e7 27       		.uleb128 0x27
 2364 00e8 19       		.uleb128 0x19
 2365 00e9 01       		.uleb128 0x1
 2366 00ea 13       		.uleb128 0x13
 2367 00eb 00       		.byte	0
 2368 00ec 00       		.byte	0
 2369 00ed 16       		.uleb128 0x16
 2370 00ee 05       		.uleb128 0x5
 2371 00ef 00       		.byte	0
 2372 00f0 49       		.uleb128 0x49
 2373 00f1 13       		.uleb128 0x13
 2374 00f2 00       		.byte	0
 2375 00f3 00       		.byte	0
 2376 00f4 17       		.uleb128 0x17
 2377 00f5 13       		.uleb128 0x13
 2378 00f6 01       		.byte	0x1
 2379 00f7 03       		.uleb128 0x3
 2380 00f8 0E       		.uleb128 0xe
 2381 00f9 0B       		.uleb128 0xb
 2382 00fa 0B       		.uleb128 0xb
 2383 00fb 3A       		.uleb128 0x3a
 2384 00fc 0B       		.uleb128 0xb
 2385 00fd 3B       		.uleb128 0x3b
 2386 00fe 05       		.uleb128 0x5
 2387 00ff 01       		.uleb128 0x1
 2388 0100 13       		.uleb128 0x13
 2389 0101 00       		.byte	0
 2390 0102 00       		.byte	0
 2391 0103 18       		.uleb128 0x18
 2392 0104 13       		.uleb128 0x13
 2393 0105 01       		.byte	0x1
 2394 0106 03       		.uleb128 0x3
 2395 0107 0E       		.uleb128 0xe
 2396 0108 0B       		.uleb128 0xb
 2397 0109 0B       		.uleb128 0xb
 2398 010a 3A       		.uleb128 0x3a
 2399 010b 0B       		.uleb128 0xb
 2400 010c 3B       		.uleb128 0x3b
 2401 010d 0B       		.uleb128 0xb
 2402 010e 01       		.uleb128 0x1
 2403 010f 13       		.uleb128 0x13
 2404 0110 00       		.byte	0
 2405 0111 00       		.byte	0
 2406 0112 19       		.uleb128 0x19
 2407 0113 26       		.uleb128 0x26
 2408 0114 00       		.byte	0
ARM GAS  C:\Users\29928\AppData\Local\Temp\ccFg793O.s 			page 47


 2409 0115 49       		.uleb128 0x49
 2410 0116 13       		.uleb128 0x13
 2411 0117 00       		.byte	0
 2412 0118 00       		.byte	0
 2413 0119 1A       		.uleb128 0x1a
 2414 011a 2E       		.uleb128 0x2e
 2415 011b 00       		.byte	0
 2416 011c 03       		.uleb128 0x3
 2417 011d 0E       		.uleb128 0xe
 2418 011e 3A       		.uleb128 0x3a
 2419 011f 0B       		.uleb128 0xb
 2420 0120 3B       		.uleb128 0x3b
 2421 0121 0B       		.uleb128 0xb
 2422 0122 27       		.uleb128 0x27
 2423 0123 19       		.uleb128 0x19
 2424 0124 20       		.uleb128 0x20
 2425 0125 0B       		.uleb128 0xb
 2426 0126 00       		.byte	0
 2427 0127 00       		.byte	0
 2428 0128 1B       		.uleb128 0x1b
 2429 0129 2E       		.uleb128 0x2e
 2430 012a 01       		.byte	0x1
 2431 012b 3F       		.uleb128 0x3f
 2432 012c 19       		.uleb128 0x19
 2433 012d 03       		.uleb128 0x3
 2434 012e 0E       		.uleb128 0xe
 2435 012f 3A       		.uleb128 0x3a
 2436 0130 0B       		.uleb128 0xb
 2437 0131 3B       		.uleb128 0x3b
 2438 0132 0B       		.uleb128 0xb
 2439 0133 27       		.uleb128 0x27
 2440 0134 19       		.uleb128 0x19
 2441 0135 49       		.uleb128 0x49
 2442 0136 13       		.uleb128 0x13
 2443 0137 8701     		.uleb128 0x87
 2444 0139 19       		.uleb128 0x19
 2445 013a 11       		.uleb128 0x11
 2446 013b 01       		.uleb128 0x1
 2447 013c 12       		.uleb128 0x12
 2448 013d 06       		.uleb128 0x6
 2449 013e 40       		.uleb128 0x40
 2450 013f 18       		.uleb128 0x18
 2451 0140 9742     		.uleb128 0x2117
 2452 0142 19       		.uleb128 0x19
 2453 0143 01       		.uleb128 0x1
 2454 0144 13       		.uleb128 0x13
 2455 0145 00       		.byte	0
 2456 0146 00       		.byte	0
 2457 0147 1C       		.uleb128 0x1c
 2458 0148 1D       		.uleb128 0x1d
 2459 0149 00       		.byte	0
 2460 014a 31       		.uleb128 0x31
 2461 014b 13       		.uleb128 0x13
 2462 014c 11       		.uleb128 0x11
 2463 014d 01       		.uleb128 0x1
 2464 014e 12       		.uleb128 0x12
 2465 014f 06       		.uleb128 0x6
ARM GAS  C:\Users\29928\AppData\Local\Temp\ccFg793O.s 			page 48


 2466 0150 58       		.uleb128 0x58
 2467 0151 0B       		.uleb128 0xb
 2468 0152 59       		.uleb128 0x59
 2469 0153 0B       		.uleb128 0xb
 2470 0154 00       		.byte	0
 2471 0155 00       		.byte	0
 2472 0156 1D       		.uleb128 0x1d
 2473 0157 898201   		.uleb128 0x4109
 2474 015a 01       		.byte	0x1
 2475 015b 11       		.uleb128 0x11
 2476 015c 01       		.uleb128 0x1
 2477 015d 31       		.uleb128 0x31
 2478 015e 13       		.uleb128 0x13
 2479 015f 01       		.uleb128 0x1
 2480 0160 13       		.uleb128 0x13
 2481 0161 00       		.byte	0
 2482 0162 00       		.byte	0
 2483 0163 1E       		.uleb128 0x1e
 2484 0164 8A8201   		.uleb128 0x410a
 2485 0167 00       		.byte	0
 2486 0168 02       		.uleb128 0x2
 2487 0169 18       		.uleb128 0x18
 2488 016a 9142     		.uleb128 0x2111
 2489 016c 18       		.uleb128 0x18
 2490 016d 00       		.byte	0
 2491 016e 00       		.byte	0
 2492 016f 1F       		.uleb128 0x1f
 2493 0170 898201   		.uleb128 0x4109
 2494 0173 01       		.byte	0x1
 2495 0174 11       		.uleb128 0x11
 2496 0175 01       		.uleb128 0x1
 2497 0176 31       		.uleb128 0x31
 2498 0177 13       		.uleb128 0x13
 2499 0178 00       		.byte	0
 2500 0179 00       		.byte	0
 2501 017a 20       		.uleb128 0x20
 2502 017b 34       		.uleb128 0x34
 2503 017c 00       		.byte	0
 2504 017d 03       		.uleb128 0x3
 2505 017e 0E       		.uleb128 0xe
 2506 017f 3A       		.uleb128 0x3a
 2507 0180 0B       		.uleb128 0xb
 2508 0181 3B       		.uleb128 0x3b
 2509 0182 0B       		.uleb128 0xb
 2510 0183 49       		.uleb128 0x49
 2511 0184 13       		.uleb128 0x13
 2512 0185 3F       		.uleb128 0x3f
 2513 0186 19       		.uleb128 0x19
 2514 0187 3C       		.uleb128 0x3c
 2515 0188 19       		.uleb128 0x19
 2516 0189 00       		.byte	0
 2517 018a 00       		.byte	0
 2518 018b 21       		.uleb128 0x21
 2519 018c 34       		.uleb128 0x34
 2520 018d 00       		.byte	0
 2521 018e 03       		.uleb128 0x3
 2522 018f 0E       		.uleb128 0xe
ARM GAS  C:\Users\29928\AppData\Local\Temp\ccFg793O.s 			page 49


 2523 0190 3A       		.uleb128 0x3a
 2524 0191 0B       		.uleb128 0xb
 2525 0192 3B       		.uleb128 0x3b
 2526 0193 05       		.uleb128 0x5
 2527 0194 49       		.uleb128 0x49
 2528 0195 13       		.uleb128 0x13
 2529 0196 3F       		.uleb128 0x3f
 2530 0197 19       		.uleb128 0x19
 2531 0198 3C       		.uleb128 0x3c
 2532 0199 19       		.uleb128 0x19
 2533 019a 00       		.byte	0
 2534 019b 00       		.byte	0
 2535 019c 22       		.uleb128 0x22
 2536 019d 34       		.uleb128 0x34
 2537 019e 00       		.byte	0
 2538 019f 03       		.uleb128 0x3
 2539 01a0 0E       		.uleb128 0xe
 2540 01a1 3A       		.uleb128 0x3a
 2541 01a2 0B       		.uleb128 0xb
 2542 01a3 3B       		.uleb128 0x3b
 2543 01a4 0B       		.uleb128 0xb
 2544 01a5 49       		.uleb128 0x49
 2545 01a6 13       		.uleb128 0x13
 2546 01a7 3F       		.uleb128 0x3f
 2547 01a8 19       		.uleb128 0x19
 2548 01a9 02       		.uleb128 0x2
 2549 01aa 18       		.uleb128 0x18
 2550 01ab 00       		.byte	0
 2551 01ac 00       		.byte	0
 2552 01ad 23       		.uleb128 0x23
 2553 01ae 2E       		.uleb128 0x2e
 2554 01af 00       		.byte	0
 2555 01b0 3F       		.uleb128 0x3f
 2556 01b1 19       		.uleb128 0x19
 2557 01b2 3C       		.uleb128 0x3c
 2558 01b3 19       		.uleb128 0x19
 2559 01b4 6E       		.uleb128 0x6e
 2560 01b5 0E       		.uleb128 0xe
 2561 01b6 03       		.uleb128 0x3
 2562 01b7 0E       		.uleb128 0xe
 2563 01b8 3A       		.uleb128 0x3a
 2564 01b9 0B       		.uleb128 0xb
 2565 01ba 3B       		.uleb128 0x3b
 2566 01bb 0B       		.uleb128 0xb
 2567 01bc 00       		.byte	0
 2568 01bd 00       		.byte	0
 2569 01be 24       		.uleb128 0x24
 2570 01bf 2E       		.uleb128 0x2e
 2571 01c0 00       		.byte	0
 2572 01c1 3F       		.uleb128 0x3f
 2573 01c2 19       		.uleb128 0x19
 2574 01c3 3C       		.uleb128 0x3c
 2575 01c4 19       		.uleb128 0x19
 2576 01c5 6E       		.uleb128 0x6e
 2577 01c6 0E       		.uleb128 0xe
 2578 01c7 03       		.uleb128 0x3
 2579 01c8 0E       		.uleb128 0xe
ARM GAS  C:\Users\29928\AppData\Local\Temp\ccFg793O.s 			page 50


 2580 01c9 3A       		.uleb128 0x3a
 2581 01ca 0B       		.uleb128 0xb
 2582 01cb 3B       		.uleb128 0x3b
 2583 01cc 05       		.uleb128 0x5
 2584 01cd 00       		.byte	0
 2585 01ce 00       		.byte	0
 2586 01cf 00       		.byte	0
 2587              		.section	.debug_aranges,"",%progbits
 2588 0000 1C000000 		.4byte	0x1c
 2589 0004 0200     		.2byte	0x2
 2590 0006 00000000 		.4byte	.Ldebug_info0
 2591 000a 04       		.byte	0x4
 2592 000b 00       		.byte	0
 2593 000c 0000     		.2byte	0
 2594 000e 0000     		.2byte	0
 2595 0010 00000000 		.4byte	.LFB549
 2596 0014 24000000 		.4byte	.LFE549-.LFB549
 2597 0018 00000000 		.4byte	0
 2598 001c 00000000 		.4byte	0
 2599              		.section	.debug_ranges,"",%progbits
 2600              	.Ldebug_ranges0:
 2601 0000 00000000 		.4byte	.LFB549
 2602 0004 24000000 		.4byte	.LFE549
 2603 0008 00000000 		.4byte	0
 2604 000c 00000000 		.4byte	0
 2605              		.section	.debug_line,"",%progbits
 2606              	.Ldebug_line0:
 2607 0000 0F040000 		.section	.debug_str,"MS",%progbits,1
 2607      0200EA03 
 2607      00000201 
 2607      FB0E0D00 
 2607      01010101 
 2608              	.LASF251:
 2609 0000 666C6173 		.ascii	"flashCtlMainWs1Freq\000"
 2609      6843746C 
 2609      4D61696E 
 2609      57733146 
 2609      72657100 
 2610              	.LASF196:
 2611 0014 6C6F6E67 		.ascii	"long int\000"
 2611      20696E74 
 2611      00
 2612              	.LASF302:
 2613 001d 63795F73 		.ascii	"cy_stc_sysint_t\000"
 2613      74635F73 
 2613      7973696E 
 2613      745F7400 
 2614              	.LASF54:
 2615 002d 696F7373 		.ascii	"ioss_interrupt_gpio_IRQn\000"
 2615      5F696E74 
 2615      65727275 
 2615      70745F67 
 2615      70696F5F 
 2616              	.LASF314:
 2617 0046 6572726F 		.ascii	"errorStatus0\000"
 2617      72537461 
 2617      74757330 
ARM GAS  C:\Users\29928\AppData\Local\Temp\ccFg793O.s 			page 51


 2617      00
 2618              	.LASF152:
 2619 0053 74637077 		.ascii	"tcpwm_1_interrupts_15_IRQn\000"
 2619      6D5F315F 
 2619      696E7465 
 2619      72727570 
 2619      74735F31 
 2620              	.LASF405:
 2621 006e 63727970 		.ascii	"cryptoServerContext\000"
 2621      746F5365 
 2621      72766572 
 2621      436F6E74 
 2621      65787400 
 2622              	.LASF34:
 2623 0082 4E766963 		.ascii	"NvicMux28_IRQn\000"
 2623      4D757832 
 2623      385F4952 
 2623      516E00
 2624              	.LASF399:
 2625 0091 63795F64 		.ascii	"cy_device\000"
 2625      65766963 
 2625      6500
 2626              	.LASF171:
 2627 009b 7564625F 		.ascii	"udb_interrupts_10_IRQn\000"
 2627      696E7465 
 2627      72727570 
 2627      74735F31 
 2627      305F4952 
 2628              	.LASF278:
 2629 00b2 63707573 		.ascii	"cpussCm0ClockCtlOffset\000"
 2629      73436D30 
 2629      436C6F63 
 2629      6B43746C 
 2629      4F666673 
 2630              	.LASF96:
 2631 00c9 63707573 		.ascii	"cpuss_interrupts_dw0_7_IRQn\000"
 2631      735F696E 
 2631      74657272 
 2631      75707473 
 2631      5F647730 
 2632              	.LASF296:
 2633 00e5 63686172 		.ascii	"char\000"
 2633      00
 2634              	.LASF65:
 2635 00ea 63707573 		.ascii	"cpuss_interrupts_ipc_1_IRQn\000"
 2635      735F696E 
 2635      74657272 
 2635      75707473 
 2635      5F697063 
 2636              	.LASF36:
 2637 0106 4E766963 		.ascii	"NvicMux30_IRQn\000"
 2637      4D757833 
 2637      305F4952 
 2637      516E00
 2638              	.LASF356:
 2639 0115 74785374 		.ascii	"txStatus\000"
 2639      61747573 
ARM GAS  C:\Users\29928\AppData\Local\Temp\ccFg793O.s 			page 52


 2639      00
 2640              	.LASF83:
 2641 011e 7363625F 		.ascii	"scb_3_interrupt_IRQn\000"
 2641      335F696E 
 2641      74657272 
 2641      7570745F 
 2641      4952516E 
 2642              	.LASF151:
 2643 0133 74637077 		.ascii	"tcpwm_1_interrupts_14_IRQn\000"
 2643      6D5F315F 
 2643      696E7465 
 2643      72727570 
 2643      74735F31 
 2644              	.LASF113:
 2645 014e 63707573 		.ascii	"cpuss_interrupts_dw1_8_IRQn\000"
 2645      735F696E 
 2645      74657272 
 2645      75707473 
 2645      5F647731 
 2646              	.LASF119:
 2647 016a 63707573 		.ascii	"cpuss_interrupts_dw1_14_IRQn\000"
 2647      735F696E 
 2647      74657272 
 2647      75707473 
 2647      5F647731 
 2648              	.LASF210:
 2649 0187 70657269 		.ascii	"periBase\000"
 2649      42617365 
 2649      00
 2650              	.LASF91:
 2651 0190 63707573 		.ascii	"cpuss_interrupts_dw0_2_IRQn\000"
 2651      735F696E 
 2651      74657272 
 2651      75707473 
 2651      5F647730 
 2652              	.LASF286:
 2653 01ac 63707573 		.ascii	"cpussCm0NmiCtlOffset\000"
 2653      73436D30 
 2653      4E6D6943 
 2653      746C4F66 
 2653      66736574 
 2654              	.LASF256:
 2655 01c1 64774368 		.ascii	"dwChSize\000"
 2655      53697A65 
 2655      00
 2656              	.LASF201:
 2657 01ca 756E7369 		.ascii	"unsigned int\000"
 2657      676E6564 
 2657      20696E74 
 2657      00
 2658              	.LASF75:
 2659 01d7 63707573 		.ascii	"cpuss_interrupts_ipc_11_IRQn\000"
 2659      735F696E 
 2659      74657272 
 2659      75707473 
 2659      5F697063 
 2660              	.LASF238:
ARM GAS  C:\Users\29928\AppData\Local\Temp\ccFg793O.s 			page 53


 2661 01f4 736D6966 		.ascii	"smifDeviceNr\000"
 2661      44657669 
 2661      63654E72 
 2661      00
 2662              	.LASF337:
 2663 0201 43595F53 		.ascii	"CY_SAR_RANGE_COND_OUTSIDE\000"
 2663      41525F52 
 2663      414E4745 
 2663      5F434F4E 
 2663      445F4F55 
 2664              	.LASF268:
 2665 021b 70657269 		.ascii	"periDivCmdPaTypeSelPos\000"
 2665      44697643 
 2665      6D645061 
 2665      54797065 
 2665      53656C50 
 2666              	.LASF144:
 2667 0232 74637077 		.ascii	"tcpwm_1_interrupts_7_IRQn\000"
 2667      6D5F315F 
 2667      696E7465 
 2667      72727570 
 2667      74735F37 
 2668              	.LASF22:
 2669 024c 4E766963 		.ascii	"NvicMux16_IRQn\000"
 2669      4D757831 
 2669      365F4952 
 2669      516E00
 2670              	.LASF387:
 2671 025b 73746172 		.ascii	"startInput\000"
 2671      74496E70 
 2671      757400
 2672              	.LASF25:
 2673 0266 4E766963 		.ascii	"NvicMux19_IRQn\000"
 2673      4D757831 
 2673      395F4952 
 2673      516E00
 2674              	.LASF62:
 2675 0275 70617373 		.ascii	"pass_interrupt_ctbs_IRQn\000"
 2675      5F696E74 
 2675      65727275 
 2675      70745F63 
 2675      7462735F 
 2676              	.LASF234:
 2677 028e 73727373 		.ascii	"srssNumClkpath\000"
 2677      4E756D43 
 2677      6C6B7061 
 2677      746800
 2678              	.LASF333:
 2679 029d 63795F73 		.ascii	"cy_stc_crypto_server_context_t\000"
 2679      74635F63 
 2679      72797074 
 2679      6F5F7365 
 2679      72766572 
 2680              	.LASF208:
 2681 02bc 63707573 		.ascii	"cpussBase\000"
 2681      73426173 
 2681      6500
ARM GAS  C:\Users\29928\AppData\Local\Temp\ccFg793O.s 			page 54


 2682              	.LASF300:
 2683 02c6 636D3070 		.ascii	"cm0pSrc\000"
 2683      53726300 
 2684              	.LASF393:
 2685 02ce 6368616E 		.ascii	"channelBase\000"
 2685      6E656C42 
 2685      61736500 
 2686              	.LASF408:
 2687 02da 43795F43 		.ascii	"Cy_Crypto_Server_Start_Full\000"
 2687      72797074 
 2687      6F5F5365 
 2687      72766572 
 2687      5F537461 
 2688              	.LASF20:
 2689 02f6 4E766963 		.ascii	"NvicMux14_IRQn\000"
 2689      4D757831 
 2689      345F4952 
 2689      516E00
 2690              	.LASF232:
 2691 0305 63707573 		.ascii	"cpussFmIrq\000"
 2691      73466D49 
 2691      727100
 2692              	.LASF59:
 2693 0310 73727373 		.ascii	"srss_interrupt_mcwdt_1_IRQn\000"
 2693      5F696E74 
 2693      65727275 
 2693      70745F6D 
 2693      63776474 
 2694              	.LASF395:
 2695 032c 6877436F 		.ascii	"hwConfigStc\000"
 2695      6E666967 
 2695      53746300 
 2696              	.LASF41:
 2697 0338 696F7373 		.ascii	"ioss_interrupts_gpio_2_IRQn\000"
 2697      5F696E74 
 2697      65727275 
 2697      7074735F 
 2697      6770696F 
 2698              	.LASF233:
 2699 0354 63707573 		.ascii	"cpussNotConnectedIrq\000"
 2699      734E6F74 
 2699      436F6E6E 
 2699      65637465 
 2699      64497271 
 2700              	.LASF102:
 2701 0369 63707573 		.ascii	"cpuss_interrupts_dw0_13_IRQn\000"
 2701      735F696E 
 2701      74657272 
 2701      75707473 
 2701      5F647730 
 2702              	.LASF187:
 2703 0386 73686F72 		.ascii	"short int\000"
 2703      7420696E 
 2703      7400
 2704              	.LASF359:
 2705 0390 72785269 		.ascii	"rxRingBufSize\000"
 2705      6E674275 
ARM GAS  C:\Users\29928\AppData\Local\Temp\ccFg793O.s 			page 55


 2705      6653697A 
 2705      6500
 2706              	.LASF190:
 2707 039e 63795F65 		.ascii	"cy_en_intr_t\000"
 2707      6E5F696E 
 2707      74725F74 
 2707      00
 2708              	.LASF158:
 2709 03ab 74637077 		.ascii	"tcpwm_1_interrupts_21_IRQn\000"
 2709      6D5F315F 
 2709      696E7465 
 2709      72727570 
 2709      74735F32 
 2710              	.LASF56:
 2711 03c6 6C70636F 		.ascii	"lpcomp_interrupt_IRQn\000"
 2711      6D705F69 
 2711      6E746572 
 2711      72757074 
 2711      5F495251 
 2712              	.LASF264:
 2713 03dc 70657269 		.ascii	"periTrGrSize\000"
 2713      54724772 
 2713      53697A65 
 2713      00
 2714              	.LASF136:
 2715 03e9 74637077 		.ascii	"tcpwm_0_interrupts_7_IRQn\000"
 2715      6D5F305F 
 2715      696E7465 
 2715      72727570 
 2715      74735F37 
 2716              	.LASF267:
 2717 0403 70657269 		.ascii	"periDivCmdPaDivSelPos\000"
 2717      44697643 
 2717      6D645061 
 2717      44697653 
 2717      656C506F 
 2718              	.LASF411:
 2719 0419 6D61696E 		.ascii	"main_cm0p.c\000"
 2719      5F636D30 
 2719      702E6300 
 2720              	.LASF244:
 2721 0425 63727970 		.ascii	"cryptoMemSize\000"
 2721      746F4D65 
 2721      6D53697A 
 2721      6500
 2722              	.LASF348:
 2723 0433 73617449 		.ascii	"satIntrMask\000"
 2723      6E74724D 
 2723      61736B00 
 2724              	.LASF11:
 2725 043f 4E766963 		.ascii	"NvicMux5_IRQn\000"
 2725      4D757835 
 2725      5F495251 
 2725      6E00
 2726              	.LASF105:
 2727 044d 63707573 		.ascii	"cpuss_interrupts_dw1_0_IRQn\000"
 2727      735F696E 
ARM GAS  C:\Users\29928\AppData\Local\Temp\ccFg793O.s 			page 56


 2727      74657272 
 2727      75707473 
 2727      5F647731 
 2728              	.LASF175:
 2729 0469 7564625F 		.ascii	"udb_interrupts_14_IRQn\000"
 2729      696E7465 
 2729      72727570 
 2729      74735F31 
 2729      345F4952 
 2730              	.LASF131:
 2731 0480 74637077 		.ascii	"tcpwm_0_interrupts_2_IRQn\000"
 2731      6D5F305F 
 2731      696E7465 
 2731      72727570 
 2731      74735F32 
 2732              	.LASF4:
 2733 049a 50656E64 		.ascii	"PendSV_IRQn\000"
 2733      53565F49 
 2733      52516E00 
 2734              	.LASF308:
 2735 04a6 75736572 		.ascii	"userCompleteCallback\000"
 2735      436F6D70 
 2735      6C657465 
 2735      43616C6C 
 2735      6261636B 
 2736              	.LASF379:
 2737 04bb 636F6D70 		.ascii	"compare1\000"
 2737      61726531 
 2737      00
 2738              	.LASF226:
 2739 04c4 70726F74 		.ascii	"protVersion\000"
 2739      56657273 
 2739      696F6E00 
 2740              	.LASF334:
 2741 04d0 43595F53 		.ascii	"CY_SAR_RANGE_COND_BELOW\000"
 2741      41525F52 
 2741      414E4745 
 2741      5F434F4E 
 2741      445F4245 
 2742              	.LASF6:
 2743 04e8 4E766963 		.ascii	"NvicMux0_IRQn\000"
 2743      4D757830 
 2743      5F495251 
 2743      6E00
 2744              	.LASF203:
 2745 04f6 696E7431 		.ascii	"int16_t\000"
 2745      365F7400 
 2746              	.LASF266:
 2747 04fe 70657269 		.ascii	"periDivCmdTypeSelPos\000"
 2747      44697643 
 2747      6D645479 
 2747      70655365 
 2747      6C506F73 
 2748              	.LASF283:
 2749 0513 63707573 		.ascii	"cpussTrimRamCtlOffset\000"
 2749      73547269 
 2749      6D52616D 
ARM GAS  C:\Users\29928\AppData\Local\Temp\ccFg793O.s 			page 57


 2749      43746C4F 
 2749      66667365 
 2750              	.LASF168:
 2751 0529 7564625F 		.ascii	"udb_interrupts_7_IRQn\000"
 2751      696E7465 
 2751      72727570 
 2751      74735F37 
 2751      5F495251 
 2752              	.LASF57:
 2753 053f 7363625F 		.ascii	"scb_8_interrupt_IRQn\000"
 2753      385F696E 
 2753      74657272 
 2753      7570745F 
 2753      4952516E 
 2754              	.LASF154:
 2755 0554 74637077 		.ascii	"tcpwm_1_interrupts_17_IRQn\000"
 2755      6D5F315F 
 2755      696E7465 
 2755      72727570 
 2755      74735F31 
 2756              	.LASF163:
 2757 056f 7564625F 		.ascii	"udb_interrupts_2_IRQn\000"
 2757      696E7465 
 2757      72727570 
 2757      74735F32 
 2757      5F495251 
 2758              	.LASF381:
 2759 0585 696E7465 		.ascii	"interruptSources\000"
 2759      72727570 
 2759      74536F75 
 2759      72636573 
 2759      00
 2760              	.LASF205:
 2761 0596 75696E74 		.ascii	"uint32_t\000"
 2761      33325F74 
 2761      00
 2762              	.LASF149:
 2763 059f 74637077 		.ascii	"tcpwm_1_interrupts_12_IRQn\000"
 2763      6D5F315F 
 2763      696E7465 
 2763      72727570 
 2763      74735F31 
 2764              	.LASF46:
 2765 05ba 696F7373 		.ascii	"ioss_interrupts_gpio_7_IRQn\000"
 2765      5F696E74 
 2765      65727275 
 2765      7074735F 
 2765      6770696F 
 2766              	.LASF52:
 2767 05d6 696F7373 		.ascii	"ioss_interrupts_gpio_13_IRQn\000"
 2767      5F696E74 
 2767      65727275 
 2767      7074735F 
 2767      6770696F 
 2768              	.LASF31:
 2769 05f3 4E766963 		.ascii	"NvicMux25_IRQn\000"
 2769      4D757832 
ARM GAS  C:\Users\29928\AppData\Local\Temp\ccFg793O.s 			page 58


 2769      355F4952 
 2769      516E00
 2770              	.LASF276:
 2771 0602 6770696F 		.ascii	"gpioPrtCfgOutOffset\000"
 2771      50727443 
 2771      66674F75 
 2771      744F6666 
 2771      73657400 
 2772              	.LASF310:
 2773 0616 75736572 		.ascii	"userErrorHandler\000"
 2773      4572726F 
 2773      7248616E 
 2773      646C6572 
 2773      00
 2774              	.LASF126:
 2775 0627 63707573 		.ascii	"cpuss_interrupts_cm0_cti_1_IRQn\000"
 2775      735F696E 
 2775      74657272 
 2775      75707473 
 2775      5F636D30 
 2776              	.LASF297:
 2777 0647 666C6F61 		.ascii	"float\000"
 2777      7400
 2778              	.LASF219:
 2779 064d 63727970 		.ascii	"cryptoVersion\000"
 2779      746F5665 
 2779      7273696F 
 2779      6E00
 2780              	.LASF370:
 2781 065b 63795F73 		.ascii	"cy_stc_scb_uart_context_t\000"
 2781      74635F73 
 2781      63625F75 
 2781      6172745F 
 2781      636F6E74 
 2782              	.LASF248:
 2783 0675 666C6173 		.ascii	"flashProgramDelay\000"
 2783      6850726F 
 2783      6772616D 
 2783      44656C61 
 2783      7900
 2784              	.LASF84:
 2785 0687 7363625F 		.ascii	"scb_4_interrupt_IRQn\000"
 2785      345F696E 
 2785      74657272 
 2785      7570745F 
 2785      4952516E 
 2786              	.LASF322:
 2787 069c 43595F43 		.ascii	"CY_CRYPTO_SERVER_NOT_STARTED\000"
 2787      52595054 
 2787      4F5F5345 
 2787      52564552 
 2787      5F4E4F54 
 2788              	.LASF394:
 2789 06b9 6E756D43 		.ascii	"numChannels\000"
 2789      68616E6E 
 2789      656C7300 
 2790              	.LASF371:
ARM GAS  C:\Users\29928\AppData\Local\Temp\ccFg793O.s 			page 59


 2791 06c5 63795F73 		.ascii	"cy_stc_scb_uart_context\000"
 2791      74635F73 
 2791      63625F75 
 2791      6172745F 
 2791      636F6E74 
 2792              	.LASF209:
 2793 06dd 666C6173 		.ascii	"flashcBase\000"
 2793      68634261 
 2793      736500
 2794              	.LASF110:
 2795 06e8 63707573 		.ascii	"cpuss_interrupts_dw1_5_IRQn\000"
 2795      735F696E 
 2795      74657272 
 2795      75707473 
 2795      5F647731 
 2796              	.LASF13:
 2797 0704 4E766963 		.ascii	"NvicMux7_IRQn\000"
 2797      4D757837 
 2797      5F495251 
 2797      6E00
 2798              	.LASF275:
 2799 0712 6770696F 		.ascii	"gpioPrtCfgInOffset\000"
 2799      50727443 
 2799      6667496E 
 2799      4F666673 
 2799      657400
 2800              	.LASF116:
 2801 0725 63707573 		.ascii	"cpuss_interrupts_dw1_11_IRQn\000"
 2801      735F696E 
 2801      74657272 
 2801      75707473 
 2801      5F647731 
 2802              	.LASF183:
 2803 0742 7573625F 		.ascii	"usb_interrupt_med_IRQn\000"
 2803      696E7465 
 2803      72727570 
 2803      745F6D65 
 2803      645F4952 
 2804              	.LASF247:
 2805 0759 666C6173 		.ascii	"flashWriteDelay\000"
 2805      68577269 
 2805      74654465 
 2805      6C617900 
 2806              	.LASF29:
 2807 0769 4E766963 		.ascii	"NvicMux23_IRQn\000"
 2807      4D757832 
 2807      335F4952 
 2807      516E00
 2808              	.LASF200:
 2809 0778 6C6F6E67 		.ascii	"long long unsigned int\000"
 2809      206C6F6E 
 2809      6720756E 
 2809      7369676E 
 2809      65642069 
 2810              	.LASF272:
 2811 078f 70657269 		.ascii	"periDiv24_5CtlOffset\000"
 2811      44697632 
ARM GAS  C:\Users\29928\AppData\Local\Temp\ccFg793O.s 			page 60


 2811      345F3543 
 2811      746C4F66 
 2811      66736574 
 2812              	.LASF277:
 2813 07a4 6770696F 		.ascii	"gpioPrtCfgSioOffset\000"
 2813      50727443 
 2813      66675369 
 2813      6F4F6666 
 2813      73657400 
 2814              	.LASF77:
 2815 07b8 63707573 		.ascii	"cpuss_interrupts_ipc_13_IRQn\000"
 2815      735F696E 
 2815      74657272 
 2815      75707473 
 2815      5F697063 
 2816              	.LASF231:
 2817 07d5 63707573 		.ascii	"cpussIpc0Irq\000"
 2817      73497063 
 2817      30497271 
 2817      00
 2818              	.LASF60:
 2819 07e2 73727373 		.ascii	"srss_interrupt_backup_IRQn\000"
 2819      5F696E74 
 2819      65727275 
 2819      70745F62 
 2819      61636B75 
 2820              	.LASF146:
 2821 07fd 74637077 		.ascii	"tcpwm_1_interrupts_9_IRQn\000"
 2821      6D5F315F 
 2821      696E7465 
 2821      72727570 
 2821      74735F39 
 2822              	.LASF343:
 2823 0817 72616E67 		.ascii	"rangeThres\000"
 2823      65546872 
 2823      657300
 2824              	.LASF194:
 2825 0822 5F5F7569 		.ascii	"__uint16_t\000"
 2825      6E743136 
 2825      5F7400
 2826              	.LASF3:
 2827 082d 53564361 		.ascii	"SVCall_IRQn\000"
 2827      6C6C5F49 
 2827      52516E00 
 2828              	.LASF335:
 2829 0839 43595F53 		.ascii	"CY_SAR_RANGE_COND_INSIDE\000"
 2829      41525F52 
 2829      414E4745 
 2829      5F434F4E 
 2829      445F494E 
 2830              	.LASF141:
 2831 0852 74637077 		.ascii	"tcpwm_1_interrupts_4_IRQn\000"
 2831      6D5F315F 
 2831      696E7465 
 2831      72727570 
 2831      74735F34 
 2832              	.LASF354:
ARM GAS  C:\Users\29928\AppData\Local\Temp\ccFg793O.s 			page 61


 2833 086c 63795F73 		.ascii	"cy_stc_sar_config_t\000"
 2833      74635F73 
 2833      61725F63 
 2833      6F6E6669 
 2833      675F7400 
 2834              	.LASF307:
 2835 0880 72656C65 		.ascii	"releaseNotifierConfig\000"
 2835      6173654E 
 2835      6F746966 
 2835      69657243 
 2835      6F6E6669 
 2836              	.LASF88:
 2837 0896 6373645F 		.ascii	"csd_interrupt_IRQn\000"
 2837      696E7465 
 2837      72727570 
 2837      745F4952 
 2837      516E00
 2838              	.LASF386:
 2839 08a9 73746172 		.ascii	"startInputMode\000"
 2839      74496E70 
 2839      75744D6F 
 2839      646500
 2840              	.LASF180:
 2841 08b8 70726F66 		.ascii	"profile_interrupt_IRQn\000"
 2841      696C655F 
 2841      696E7465 
 2841      72727570 
 2841      745F4952 
 2842              	.LASF382:
 2843 08cf 63617074 		.ascii	"captureInputMode\000"
 2843      75726549 
 2843      6E707574 
 2843      4D6F6465 
 2843      00
 2844              	.LASF388:
 2845 08e0 73746F70 		.ascii	"stopInputMode\000"
 2845      496E7075 
 2845      744D6F64 
 2845      6500
 2846              	.LASF50:
 2847 08ee 696F7373 		.ascii	"ioss_interrupts_gpio_11_IRQn\000"
 2847      5F696E74 
 2847      65727275 
 2847      7074735F 
 2847      6770696F 
 2848              	.LASF72:
 2849 090b 63707573 		.ascii	"cpuss_interrupts_ipc_8_IRQn\000"
 2849      735F696E 
 2849      74657272 
 2849      75707473 
 2849      5F697063 
 2850              	.LASF357:
 2851 0927 72785374 		.ascii	"rxStatus\000"
 2851      61747573 
 2851      00
 2852              	.LASF362:
 2853 0930 72784275 		.ascii	"rxBuf\000"
ARM GAS  C:\Users\29928\AppData\Local\Temp\ccFg793O.s 			page 62


 2853      6600
 2854              	.LASF17:
 2855 0936 4E766963 		.ascii	"NvicMux11_IRQn\000"
 2855      4D757831 
 2855      315F4952 
 2855      516E00
 2856              	.LASF121:
 2857 0945 63707573 		.ascii	"cpuss_interrupts_fault_0_IRQn\000"
 2857      735F696E 
 2857      74657272 
 2857      75707473 
 2857      5F666175 
 2858              	.LASF253:
 2859 0963 666C6173 		.ascii	"flashCtlMainWs3Freq\000"
 2859      6843746C 
 2859      4D61696E 
 2859      57733346 
 2859      72657100 
 2860              	.LASF189:
 2861 0977 4952516E 		.ascii	"IRQn_Type\000"
 2861      5F547970 
 2861      6500
 2862              	.LASF235:
 2863 0981 73727373 		.ascii	"srssNumPll\000"
 2863      4E756D50 
 2863      6C6C00
 2864              	.LASF312:
 2865 098c 63727970 		.ascii	"cryptoErrorIntrConfig\000"
 2865      746F4572 
 2865      726F7249 
 2865      6E747243 
 2865      6F6E6669 
 2866              	.LASF172:
 2867 09a2 7564625F 		.ascii	"udb_interrupts_11_IRQn\000"
 2867      696E7465 
 2867      72727570 
 2867      74735F31 
 2867      315F4952 
 2868              	.LASF66:
 2869 09b9 63707573 		.ascii	"cpuss_interrupts_ipc_2_IRQn\000"
 2869      735F696E 
 2869      74657272 
 2869      75707473 
 2869      5F697063 
 2870              	.LASF37:
 2871 09d5 4E766963 		.ascii	"NvicMux31_IRQn\000"
 2871      4D757833 
 2871      315F4952 
 2871      516E00
 2872              	.LASF328:
 2873 09e4 67657444 		.ascii	"getDataHandlerPtr\000"
 2873      61746148 
 2873      616E646C 
 2873      65725074 
 2873      7200
 2874              	.LASF246:
 2875 09f6 666C6173 		.ascii	"flashPipeRequired\000"
ARM GAS  C:\Users\29928\AppData\Local\Temp\ccFg793O.s 			page 63


 2875      68506970 
 2875      65526571 
 2875      75697265 
 2875      6400
 2876              	.LASF368:
 2877 0a08 63624576 		.ascii	"cbEvents\000"
 2877      656E7473 
 2877      00
 2878              	.LASF8:
 2879 0a11 4E766963 		.ascii	"NvicMux2_IRQn\000"
 2879      4D757832 
 2879      5F495251 
 2879      6E00
 2880              	.LASF298:
 2881 0a1f 646F7562 		.ascii	"double\000"
 2881      6C6500
 2882              	.LASF332:
 2883 0a26 5F426F6F 		.ascii	"_Bool\000"
 2883      6C00
 2884              	.LASF366:
 2885 0a2c 74784275 		.ascii	"txBufSize\000"
 2885      6653697A 
 2885      6500
 2886              	.LASF250:
 2887 0a36 666C6173 		.ascii	"flashCtlMainWs0Freq\000"
 2887      6843746C 
 2887      4D61696E 
 2887      57733046 
 2887      72657100 
 2888              	.LASF178:
 2889 0a4a 61756469 		.ascii	"audioss_interrupt_i2s_IRQn\000"
 2889      6F73735F 
 2889      696E7465 
 2889      72727570 
 2889      745F6932 
 2890              	.LASF214:
 2891 0a65 6770696F 		.ascii	"gpioBase\000"
 2891      42617365 
 2891      00
 2892              	.LASF185:
 2893 0a6e 70617373 		.ascii	"pass_interrupt_dacs_IRQn\000"
 2893      5F696E74 
 2893      65727275 
 2893      70745F64 
 2893      6163735F 
 2894              	.LASF138:
 2895 0a87 74637077 		.ascii	"tcpwm_1_interrupts_1_IRQn\000"
 2895      6D5F315F 
 2895      696E7465 
 2895      72727570 
 2895      74735F31 
 2896              	.LASF165:
 2897 0aa1 7564625F 		.ascii	"udb_interrupts_4_IRQn\000"
 2897      696E7465 
 2897      72727570 
 2897      74735F34 
 2897      5F495251 
ARM GAS  C:\Users\29928\AppData\Local\Temp\ccFg793O.s 			page 64


 2898              	.LASF330:
 2899 0ab7 69734877 		.ascii	"isHwErrorOccured\000"
 2899      4572726F 
 2899      724F6363 
 2899      75726564 
 2899      00
 2900              	.LASF179:
 2901 0ac8 61756469 		.ascii	"audioss_interrupt_pdm_IRQn\000"
 2901      6F73735F 
 2901      696E7465 
 2901      72727570 
 2901      745F7064 
 2902              	.LASF99:
 2903 0ae3 63707573 		.ascii	"cpuss_interrupts_dw0_10_IRQn\000"
 2903      735F696E 
 2903      74657272 
 2903      75707473 
 2903      5F647730 
 2904              	.LASF293:
 2905 0b00 6970634C 		.ascii	"ipcLockStatusOffset\000"
 2905      6F636B53 
 2905      74617475 
 2905      734F6666 
 2905      73657400 
 2906              	.LASF48:
 2907 0b14 696F7373 		.ascii	"ioss_interrupts_gpio_9_IRQn\000"
 2907      5F696E74 
 2907      65727275 
 2907      7074735F 
 2907      6770696F 
 2908              	.LASF285:
 2909 0b30 63707573 		.ascii	"cpussSysTickCtlOffset\000"
 2909      73537973 
 2909      5469636B 
 2909      43746C4F 
 2909      66667365 
 2910              	.LASF241:
 2911 0b46 75646250 		.ascii	"udbPresent\000"
 2911      72657365 
 2911      6E7400
 2912              	.LASF259:
 2913 0b51 64775374 		.ascii	"dwStatusChIdxPos\000"
 2913      61747573 
 2913      43684964 
 2913      78506F73 
 2913      00
 2914              	.LASF404:
 2915 0b62 55415254 		.ascii	"UART_1_context\000"
 2915      5F315F63 
 2915      6F6E7465 
 2915      787400
 2916              	.LASF95:
 2917 0b71 63707573 		.ascii	"cpuss_interrupts_dw0_6_IRQn\000"
 2917      735F696E 
 2917      74657272 
 2917      75707473 
 2917      5F647730 
ARM GAS  C:\Users\29928\AppData\Local\Temp\ccFg793O.s 			page 65


 2918              	.LASF353:
 2919 0b8d 76726566 		.ascii	"vrefMvValue\000"
 2919      4D765661 
 2919      6C756500 
 2920              	.LASF43:
 2921 0b99 696F7373 		.ascii	"ioss_interrupts_gpio_4_IRQn\000"
 2921      5F696E74 
 2921      65727275 
 2921      7074735F 
 2921      6770696F 
 2922              	.LASF49:
 2923 0bb5 696F7373 		.ascii	"ioss_interrupts_gpio_10_IRQn\000"
 2923      5F696E74 
 2923      65727275 
 2923      7074735F 
 2923      6770696F 
 2924              	.LASF28:
 2925 0bd2 4E766963 		.ascii	"NvicMux22_IRQn\000"
 2925      4D757832 
 2925      325F4952 
 2925      516E00
 2926              	.LASF104:
 2927 0be1 63707573 		.ascii	"cpuss_interrupts_dw0_15_IRQn\000"
 2927      735F696E 
 2927      74657272 
 2927      75707473 
 2927      5F647730 
 2928              	.LASF61:
 2929 0bfe 73727373 		.ascii	"srss_interrupt_IRQn\000"
 2929      5F696E74 
 2929      65727275 
 2929      70745F49 
 2929      52516E00 
 2930              	.LASF230:
 2931 0c12 63707573 		.ascii	"cpussFlashPaSize\000"
 2931      73466C61 
 2931      73685061 
 2931      53697A65 
 2931      00
 2932              	.LASF383:
 2933 0c23 63617074 		.ascii	"captureInput\000"
 2933      75726549 
 2933      6E707574 
 2933      00
 2934              	.LASF112:
 2935 0c30 63707573 		.ascii	"cpuss_interrupts_dw1_7_IRQn\000"
 2935      735F696E 
 2935      74657272 
 2935      75707473 
 2935      5F647731 
 2936              	.LASF118:
 2937 0c4c 63707573 		.ascii	"cpuss_interrupts_dw1_13_IRQn\000"
 2937      735F696E 
 2937      74657272 
 2937      75707473 
 2937      5F647731 
 2938              	.LASF90:
ARM GAS  C:\Users\29928\AppData\Local\Temp\ccFg793O.s 			page 66


 2939 0c69 63707573 		.ascii	"cpuss_interrupts_dw0_1_IRQn\000"
 2939      735F696E 
 2939      74657272 
 2939      75707473 
 2939      5F647730 
 2940              	.LASF311:
 2941 0c85 61637175 		.ascii	"acquireNotifierConfig\000"
 2941      6972654E 
 2941      6F746966 
 2941      69657243 
 2941      6F6E6669 
 2942              	.LASF345:
 2943 0c9b 6368616E 		.ascii	"chanEn\000"
 2943      456E00
 2944              	.LASF361:
 2945 0ca2 72785269 		.ascii	"rxRingBufTail\000"
 2945      6E674275 
 2945      66546169 
 2945      6C00
 2946              	.LASF271:
 2947 0cb0 70657269 		.ascii	"periDiv16_5CtlOffset\000"
 2947      44697631 
 2947      365F3543 
 2947      746C4F66 
 2947      66736574 
 2948              	.LASF38:
 2949 0cc5 756E636F 		.ascii	"unconnected_IRQn\000"
 2949      6E6E6563 
 2949      7465645F 
 2949      4952516E 
 2949      00
 2950              	.LASF174:
 2951 0cd6 7564625F 		.ascii	"udb_interrupts_13_IRQn\000"
 2951      696E7465 
 2951      72727570 
 2951      74735F31 
 2951      335F4952 
 2952              	.LASF107:
 2953 0ced 63707573 		.ascii	"cpuss_interrupts_dw1_2_IRQn\000"
 2953      735F696E 
 2953      74657272 
 2953      75707473 
 2953      5F647731 
 2954              	.LASF242:
 2955 0d09 73797350 		.ascii	"sysPmSimoPresent\000"
 2955      6D53696D 
 2955      6F507265 
 2955      73656E74 
 2955      00
 2956              	.LASF184:
 2957 0d1a 7573625F 		.ascii	"usb_interrupt_lo_IRQn\000"
 2957      696E7465 
 2957      72727570 
 2957      745F6C6F 
 2957      5F495251 
 2958              	.LASF374:
 2959 0d30 636C6F63 		.ascii	"clockPrescaler\000"
ARM GAS  C:\Users\29928\AppData\Local\Temp\ccFg793O.s 			page 67


 2959      6B507265 
 2959      7363616C 
 2959      657200
 2960              	.LASF74:
 2961 0d3f 63707573 		.ascii	"cpuss_interrupts_ipc_10_IRQn\000"
 2961      735F696E 
 2961      74657272 
 2961      75707473 
 2961      5F697063 
 2962              	.LASF124:
 2963 0d5c 63707573 		.ascii	"cpuss_interrupt_fm_IRQn\000"
 2963      735F696E 
 2963      74657272 
 2963      7570745F 
 2963      666D5F49 
 2964              	.LASF364:
 2965 0d74 72784275 		.ascii	"rxBufIdx\000"
 2965      66496478 
 2965      00
 2966              	.LASF321:
 2967 0d7d 43595F43 		.ascii	"CY_CRYPTO_COMM_FAIL\000"
 2967      52595054 
 2967      4F5F434F 
 2967      4D4D5F46 
 2967      41494C00 
 2968              	.LASF26:
 2969 0d91 4E766963 		.ascii	"NvicMux20_IRQn\000"
 2969      4D757832 
 2969      305F4952 
 2969      516E00
 2970              	.LASF143:
 2971 0da0 74637077 		.ascii	"tcpwm_1_interrupts_6_IRQn\000"
 2971      6D5F315F 
 2971      696E7465 
 2971      72727570 
 2971      74735F36 
 2972              	.LASF170:
 2973 0dba 7564625F 		.ascii	"udb_interrupts_9_IRQn\000"
 2973      696E7465 
 2973      72727570 
 2973      74735F39 
 2973      5F495251 
 2974              	.LASF260:
 2975 0dd0 64775374 		.ascii	"dwStatusChIdxMsk\000"
 2975      61747573 
 2975      43684964 
 2975      784D736B 
 2975      00
 2976              	.LASF24:
 2977 0de1 4E766963 		.ascii	"NvicMux18_IRQn\000"
 2977      4D757831 
 2977      385F4952 
 2977      516E00
 2978              	.LASF202:
 2979 0df0 75696E74 		.ascii	"uint8_t\000"
 2979      385F7400 
 2980              	.LASF156:
ARM GAS  C:\Users\29928\AppData\Local\Temp\ccFg793O.s 			page 68


 2981 0df8 74637077 		.ascii	"tcpwm_1_interrupts_19_IRQn\000"
 2981      6D5F315F 
 2981      696E7465 
 2981      72727570 
 2981      74735F31 
 2982              	.LASF299:
 2983 0e13 696E7472 		.ascii	"intrSrc\000"
 2983      53726300 
 2984              	.LASF265:
 2985 0e1b 70657269 		.ascii	"periDivCmdDivSelMsk\000"
 2985      44697643 
 2985      6D644469 
 2985      7653656C 
 2985      4D736B00 
 2986              	.LASF19:
 2987 0e2f 4E766963 		.ascii	"NvicMux13_IRQn\000"
 2987      4D757831 
 2987      335F4952 
 2987      516E00
 2988              	.LASF58:
 2989 0e3e 73727373 		.ascii	"srss_interrupt_mcwdt_0_IRQn\000"
 2989      5F696E74 
 2989      65727275 
 2989      70745F6D 
 2989      63776474 
 2990              	.LASF317:
 2991 0e5a 43595F43 		.ascii	"CY_CRYPTO_SUCCESS\000"
 2991      52595054 
 2991      4F5F5355 
 2991      43434553 
 2991      5300
 2992              	.LASF378:
 2993 0e6c 636F6D70 		.ascii	"compare0\000"
 2993      61726530 
 2993      00
 2994              	.LASF273:
 2995 0e75 6770696F 		.ascii	"gpioPrtIntrCfgOffset\000"
 2995      50727449 
 2995      6E747243 
 2995      66674F66 
 2995      66736574 
 2996              	.LASF351:
 2997 0e8a 6D757853 		.ascii	"muxSwitchSqCtrl\000"
 2997      77697463 
 2997      68537143 
 2997      74726C00 
 2998              	.LASF69:
 2999 0e9a 63707573 		.ascii	"cpuss_interrupts_ipc_5_IRQn\000"
 2999      735F696E 
 2999      74657272 
 2999      75707473 
 2999      5F697063 
 3000              	.LASF33:
 3001 0eb6 4E766963 		.ascii	"NvicMux27_IRQn\000"
 3001      4D757832 
 3001      375F4952 
 3001      516E00
ARM GAS  C:\Users\29928\AppData\Local\Temp\ccFg793O.s 			page 69


 3002              	.LASF320:
 3003 0ec5 43595F43 		.ascii	"CY_CRYPTO_DES_WEAK_KEY\000"
 3003      52595054 
 3003      4F5F4445 
 3003      535F5745 
 3003      414B5F4B 
 3004              	.LASF344:
 3005 0edc 72616E67 		.ascii	"rangeCond\000"
 3005      65436F6E 
 3005      6400
 3006              	.LASF289:
 3007 0ee6 63707573 		.ascii	"cpussRam0Ctl0\000"
 3007      7352616D 
 3007      3043746C 
 3007      3000
 3008              	.LASF199:
 3009 0ef4 6C6F6E67 		.ascii	"long long int\000"
 3009      206C6F6E 
 3009      6720696E 
 3009      7400
 3010              	.LASF216:
 3011 0f02 69706342 		.ascii	"ipcBase\000"
 3011      61736500 
 3012              	.LASF257:
 3013 0f0a 64774368 		.ascii	"dwChCtlPrioPos\000"
 3013      43746C50 
 3013      72696F50 
 3013      6F7300
 3014              	.LASF217:
 3015 0f19 63727970 		.ascii	"cryptoBase\000"
 3015      746F4261 
 3015      736500
 3016              	.LASF71:
 3017 0f24 63707573 		.ascii	"cpuss_interrupts_ipc_7_IRQn\000"
 3017      735F696E 
 3017      74657272 
 3017      75707473 
 3017      5F697063 
 3018              	.LASF64:
 3019 0f40 63707573 		.ascii	"cpuss_interrupts_ipc_0_IRQn\000"
 3019      735F696E 
 3019      74657272 
 3019      75707473 
 3019      5F697063 
 3020              	.LASF313:
 3021 0f5c 63795F73 		.ascii	"cy_stc_crypto_config_t\000"
 3021      74635F63 
 3021      72797074 
 3021      6F5F636F 
 3021      6E666967 
 3022              	.LASF130:
 3023 0f73 74637077 		.ascii	"tcpwm_0_interrupts_1_IRQn\000"
 3023      6D5F305F 
 3023      696E7465 
 3023      72727570 
 3023      74735F31 
 3024              	.LASF410:
ARM GAS  C:\Users\29928\AppData\Local\Temp\ccFg793O.s 			page 70


 3025 0f8d 474E5520 		.ascii	"GNU C11 5.4.1 20160609 (release) [ARM/embedded-5-br"
 3025      43313120 
 3025      352E342E 
 3025      31203230 
 3025      31363036 
 3026 0fc0 616E6368 		.ascii	"anch revision 237715] -mcpu=cortex-m0plus -mthumb -"
 3026      20726576 
 3026      6973696F 
 3026      6E203233 
 3026      37373135 
 3027 0ff3 67202D4F 		.ascii	"g -Og -ffunction-sections -ffat-lto-objects\000"
 3027      67202D66 
 3027      66756E63 
 3027      74696F6E 
 3027      2D736563 
 3028              	.LASF85:
 3029 101f 7363625F 		.ascii	"scb_5_interrupt_IRQn\000"
 3029      355F696E 
 3029      74657272 
 3029      7570745F 
 3029      4952516E 
 3030              	.LASF412:
 3031 1034 433A5C55 		.ascii	"C:\\Users\\29928\\OneDrive\\Desktop\\Sheep Study Gi"
 3031      73657273 
 3031      5C323939 
 3031      32385C4F 
 3031      6E654472 
 3032 1062 745C6563 		.ascii	"t\\ecmo_psoc6_ws\\PSOC code\\CY8CPROTO-063-BLE_Mast"
 3032      6D6F5F70 
 3032      736F6336 
 3032      5F77735C 
 3032      50534F43 
 3033 1092 65722E63 		.ascii	"er.cydsn\000"
 3033      7964736E 
 3033      00
 3034              	.LASF79:
 3035 109b 63707573 		.ascii	"cpuss_interrupts_ipc_15_IRQn\000"
 3035      735F696E 
 3035      74657272 
 3035      75707473 
 3035      5F697063 
 3036              	.LASF193:
 3037 10b8 5F5F696E 		.ascii	"__int16_t\000"
 3037      7431365F 
 3037      7400
 3038              	.LASF237:
 3039 10c2 70657269 		.ascii	"periClockNr\000"
 3039      436C6F63 
 3039      6B4E7200 
 3040              	.LASF213:
 3041 10ce 6873696F 		.ascii	"hsiomBase\000"
 3041      6D426173 
 3041      6500
 3042              	.LASF206:
 3043 10d8 73697A65 		.ascii	"sizetype\000"
 3043      74797065 
 3043      00
ARM GAS  C:\Users\29928\AppData\Local\Temp\ccFg793O.s 			page 71


 3044              	.LASF406:
 3045 10e1 63727970 		.ascii	"cryptoStatus\000"
 3045      746F5374 
 3045      61747573 
 3045      00
 3046              	.LASF279:
 3047 10ee 63707573 		.ascii	"cpussCm4ClockCtlOffset\000"
 3047      73436D34 
 3047      436C6F63 
 3047      6B43746C 
 3047      4F666673 
 3048              	.LASF290:
 3049 1105 63707573 		.ascii	"cpussRam1Ctl0\000"
 3049      7352616D 
 3049      3143746C 
 3049      3000
 3050              	.LASF263:
 3051 1113 70657269 		.ascii	"periTrGrOffset\000"
 3051      54724772 
 3051      4F666673 
 3051      657400
 3052              	.LASF162:
 3053 1122 7564625F 		.ascii	"udb_interrupts_1_IRQn\000"
 3053      696E7465 
 3053      72727570 
 3053      74735F31 
 3053      5F495251 
 3054              	.LASF360:
 3055 1138 72785269 		.ascii	"rxRingBufHead\000"
 3055      6E674275 
 3055      66486561 
 3055      6400
 3056              	.LASF304:
 3057 1146 69706343 		.ascii	"ipcChannel\000"
 3057      68616E6E 
 3057      656C00
 3058              	.LASF229:
 3059 1151 63707573 		.ascii	"cpussDwChNr\000"
 3059      73447743 
 3059      684E7200 
 3060              	.LASF384:
 3061 115d 72656C6F 		.ascii	"reloadInputMode\000"
 3061      6164496E 
 3061      7075744D 
 3061      6F646500 
 3062              	.LASF355:
 3063 116d 63795F63 		.ascii	"cy_cb_scb_uart_handle_events_t\000"
 3063      625F7363 
 3063      625F7561 
 3063      72745F68 
 3063      616E646C 
 3064              	.LASF182:
 3065 118c 7573625F 		.ascii	"usb_interrupt_hi_IRQn\000"
 3065      696E7465 
 3065      72727570 
 3065      745F6869 
 3065      5F495251 
ARM GAS  C:\Users\29928\AppData\Local\Temp\ccFg793O.s 			page 72


 3066              	.LASF346:
 3067 11a2 6368616E 		.ascii	"chanConfig\000"
 3067      436F6E66 
 3067      696700
 3068              	.LASF81:
 3069 11ad 7363625F 		.ascii	"scb_1_interrupt_IRQn\000"
 3069      315F696E 
 3069      74657272 
 3069      7570745F 
 3069      4952516E 
 3070              	.LASF148:
 3071 11c2 74637077 		.ascii	"tcpwm_1_interrupts_11_IRQn\000"
 3071      6D5F315F 
 3071      696E7465 
 3071      72727570 
 3071      74735F31 
 3072              	.LASF45:
 3073 11dd 696F7373 		.ascii	"ioss_interrupts_gpio_6_IRQn\000"
 3073      5F696E74 
 3073      65727275 
 3073      7074735F 
 3073      6770696F 
 3074              	.LASF227:
 3075 11f9 63707573 		.ascii	"cpussIpcNr\000"
 3075      73497063 
 3075      4E7200
 3076              	.LASF280:
 3077 1204 63707573 		.ascii	"cpussCm4StatusOffset\000"
 3077      73436D34 
 3077      53746174 
 3077      75734F66 
 3077      66736574 
 3078              	.LASF125:
 3079 1219 63707573 		.ascii	"cpuss_interrupts_cm0_cti_0_IRQn\000"
 3079      735F696E 
 3079      74657272 
 3079      75707473 
 3079      5F636D30 
 3080              	.LASF114:
 3081 1239 63707573 		.ascii	"cpuss_interrupts_dw1_9_IRQn\000"
 3081      735F696E 
 3081      74657272 
 3081      75707473 
 3081      5F647731 
 3082              	.LASF329:
 3083 1255 6572726F 		.ascii	"errorHandlerPtr\000"
 3083      7248616E 
 3083      646C6572 
 3083      50747200 
 3084              	.LASF98:
 3085 1265 63707573 		.ascii	"cpuss_interrupts_dw0_9_IRQn\000"
 3085      735F696E 
 3085      74657272 
 3085      75707473 
 3085      5F647730 
 3086              	.LASF324:
 3087 1281 43595F43 		.ascii	"CY_CRYPTO_NOT_INITIALIZED\000"
ARM GAS  C:\Users\29928\AppData\Local\Temp\ccFg793O.s 			page 73


 3087      52595054 
 3087      4F5F4E4F 
 3087      545F494E 
 3087      49544941 
 3088              	.LASF92:
 3089 129b 63707573 		.ascii	"cpuss_interrupts_dw0_3_IRQn\000"
 3089      735F696E 
 3089      74657272 
 3089      75707473 
 3089      5F647730 
 3090              	.LASF291:
 3091 12b7 63707573 		.ascii	"cpussRam2Ctl0\000"
 3091      7352616D 
 3091      3243746C 
 3091      3000
 3092              	.LASF40:
 3093 12c5 696F7373 		.ascii	"ioss_interrupts_gpio_1_IRQn\000"
 3093      5F696E74 
 3093      65727275 
 3093      7074735F 
 3093      6770696F 
 3094              	.LASF140:
 3095 12e1 74637077 		.ascii	"tcpwm_1_interrupts_3_IRQn\000"
 3095      6D5F315F 
 3095      696E7465 
 3095      72727570 
 3095      74735F33 
 3096              	.LASF101:
 3097 12fb 63707573 		.ascii	"cpuss_interrupts_dw0_12_IRQn\000"
 3097      735F696E 
 3097      74657272 
 3097      75707473 
 3097      5F647730 
 3098              	.LASF15:
 3099 1318 4E766963 		.ascii	"NvicMux9_IRQn\000"
 3099      4D757839 
 3099      5F495251 
 3099      6E00
 3100              	.LASF109:
 3101 1326 63707573 		.ascii	"cpuss_interrupts_dw1_4_IRQn\000"
 3101      735F696E 
 3101      74657272 
 3101      75707473 
 3101      5F647731 
 3102              	.LASF115:
 3103 1342 63707573 		.ascii	"cpuss_interrupts_dw1_10_IRQn\000"
 3103      735F696E 
 3103      74657272 
 3103      75707473 
 3103      5F647731 
 3104              	.LASF135:
 3105 135f 74637077 		.ascii	"tcpwm_0_interrupts_6_IRQn\000"
 3105      6D5F305F 
 3105      696E7465 
 3105      72727570 
 3105      74735F36 
 3106              	.LASF365:
ARM GAS  C:\Users\29928\AppData\Local\Temp\ccFg793O.s 			page 74


 3107 1379 74784275 		.ascii	"txBuf\000"
 3107      6600
 3108              	.LASF270:
 3109 137f 70657269 		.ascii	"periDiv16CtlOffset\000"
 3109      44697631 
 3109      3643746C 
 3109      4F666673 
 3109      657400
 3110              	.LASF10:
 3111 1392 4E766963 		.ascii	"NvicMux4_IRQn\000"
 3111      4D757834 
 3111      5F495251 
 3111      6E00
 3112              	.LASF326:
 3113 13a0 43595F43 		.ascii	"CY_CRYPTO_NOT_SUPPORTED\000"
 3113      52595054 
 3113      4F5F4E4F 
 3113      545F5355 
 3113      50504F52 
 3114              	.LASF145:
 3115 13b8 74637077 		.ascii	"tcpwm_1_interrupts_8_IRQn\000"
 3115      6D5F315F 
 3115      696E7465 
 3115      72727570 
 3115      74735F38 
 3116              	.LASF350:
 3117 13d2 6D757853 		.ascii	"muxSwitch\000"
 3117      77697463 
 3117      6800
 3118              	.LASF195:
 3119 13dc 73686F72 		.ascii	"short unsigned int\000"
 3119      7420756E 
 3119      7369676E 
 3119      65642069 
 3119      6E7400
 3120              	.LASF358:
 3121 13ef 72785269 		.ascii	"rxRingBuf\000"
 3121      6E674275 
 3121      6600
 3122              	.LASF207:
 3123 13f9 6C6F6E67 		.ascii	"long double\000"
 3123      20646F75 
 3123      626C6500 
 3124              	.LASF204:
 3125 1405 75696E74 		.ascii	"uint16_t\000"
 3125      31365F74 
 3125      00
 3126              	.LASF212:
 3127 140e 70726F74 		.ascii	"protBase\000"
 3127      42617365 
 3127      00
 3128              	.LASF375:
 3129 1417 72756E4D 		.ascii	"runMode\000"
 3129      6F646500 
 3130              	.LASF262:
 3131 141f 70657269 		.ascii	"periTrCmdGrSelMsk\000"
 3131      5472436D 
ARM GAS  C:\Users\29928\AppData\Local\Temp\ccFg793O.s 			page 75


 3131      64477253 
 3131      656C4D73 
 3131      6B00
 3132              	.LASF128:
 3133 1431 63707573 		.ascii	"cpuss_interrupts_cm4_cti_1_IRQn\000"
 3133      735F696E 
 3133      74657272 
 3133      75707473 
 3133      5F636D34 
 3134              	.LASF87:
 3135 1451 7363625F 		.ascii	"scb_7_interrupt_IRQn\000"
 3135      375F696E 
 3135      74657272 
 3135      7570745F 
 3135      4952516E 
 3136              	.LASF167:
 3137 1466 7564625F 		.ascii	"udb_interrupts_6_IRQn\000"
 3137      696E7465 
 3137      72727570 
 3137      74735F36 
 3137      5F495251 
 3138              	.LASF341:
 3139 147c 73616D70 		.ascii	"sampleTime01\000"
 3139      6C655469 
 3139      6D653031 
 3139      00
 3140              	.LASF409:
 3141 1489 43795F53 		.ascii	"Cy_SysEnableCM4\000"
 3141      7973456E 
 3141      61626C65 
 3141      434D3400 
 3142              	.LASF236:
 3143 1499 73727373 		.ascii	"srssNumHfroot\000"
 3143      4E756D48 
 3143      66726F6F 
 3143      7400
 3144              	.LASF392:
 3145 14a7 63795F73 		.ascii	"cy_stc_tcpwm_counter_config_t\000"
 3145      74635F74 
 3145      6370776D 
 3145      5F636F75 
 3145      6E746572 
 3146              	.LASF258:
 3147 14c5 64774368 		.ascii	"dwChCtlPreemptablePos\000"
 3147      43746C50 
 3147      7265656D 
 3147      70746162 
 3147      6C65506F 
 3148              	.LASF220:
 3149 14db 64775665 		.ascii	"dwVersion\000"
 3149      7273696F 
 3149      6E00
 3150              	.LASF153:
 3151 14e5 74637077 		.ascii	"tcpwm_1_interrupts_16_IRQn\000"
 3151      6D5F315F 
 3151      696E7465 
 3151      72727570 
ARM GAS  C:\Users\29928\AppData\Local\Temp\ccFg793O.s 			page 76


 3151      74735F31 
 3152              	.LASF176:
 3153 1500 7564625F 		.ascii	"udb_interrupts_15_IRQn\000"
 3153      696E7465 
 3153      72727570 
 3153      74735F31 
 3153      355F4952 
 3154              	.LASF35:
 3155 1517 4E766963 		.ascii	"NvicMux29_IRQn\000"
 3155      4D757832 
 3155      395F4952 
 3155      516E00
 3156              	.LASF166:
 3157 1526 7564625F 		.ascii	"udb_interrupts_5_IRQn\000"
 3157      696E7465 
 3157      72727570 
 3157      74735F35 
 3157      5F495251 
 3158              	.LASF16:
 3159 153c 4E766963 		.ascii	"NvicMux10_IRQn\000"
 3159      4D757831 
 3159      305F4952 
 3159      516E00
 3160              	.LASF287:
 3161 154b 63707573 		.ascii	"cpussCm4NmiCtlOffset\000"
 3161      73436D34 
 3161      4E6D6943 
 3161      746C4F66 
 3161      66736574 
 3162              	.LASF377:
 3163 1560 636F6D70 		.ascii	"compareOrCapture\000"
 3163      6172654F 
 3163      72436170 
 3163      74757265 
 3163      00
 3164              	.LASF269:
 3165 1571 70657269 		.ascii	"periDiv8CtlOffset\000"
 3165      44697638 
 3165      43746C4F 
 3165      66667365 
 3165      7400
 3166              	.LASF97:
 3167 1583 63707573 		.ascii	"cpuss_interrupts_dw0_8_IRQn\000"
 3167      735F696E 
 3167      74657272 
 3167      75707473 
 3167      5F647730 
 3168              	.LASF51:
 3169 159f 696F7373 		.ascii	"ioss_interrupts_gpio_12_IRQn\000"
 3169      5F696E74 
 3169      65727275 
 3169      7074735F 
 3169      6770696F 
 3170              	.LASF30:
 3171 15bc 4E766963 		.ascii	"NvicMux24_IRQn\000"
 3171      4D757832 
 3171      345F4952 
ARM GAS  C:\Users\29928\AppData\Local\Temp\ccFg793O.s 			page 77


 3171      516E00
 3172              	.LASF63:
 3173 15cb 626C6573 		.ascii	"bless_interrupt_IRQn\000"
 3173      735F696E 
 3173      74657272 
 3173      7570745F 
 3173      4952516E 
 3174              	.LASF402:
 3175 15e0 4144435F 		.ascii	"ADC_allConfigs\000"
 3175      616C6C43 
 3175      6F6E6669 
 3175      677300
 3176              	.LASF380:
 3177 15ef 656E6162 		.ascii	"enableCompareSwap\000"
 3177      6C65436F 
 3177      6D706172 
 3177      65537761 
 3177      7000
 3178              	.LASF398:
 3179 1601 4144435F 		.ascii	"ADC_CONFIG_STRUCT\000"
 3179      434F4E46 
 3179      49475F53 
 3179      54525543 
 3179      5400
 3180              	.LASF327:
 3181 1613 63795F65 		.ascii	"cy_en_crypto_status_t\000"
 3181      6E5F6372 
 3181      7970746F 
 3181      5F737461 
 3181      7475735F 
 3182              	.LASF120:
 3183 1629 63707573 		.ascii	"cpuss_interrupts_dw1_15_IRQn\000"
 3183      735F696E 
 3183      74657272 
 3183      75707473 
 3183      5F647731 
 3184              	.LASF218:
 3185 1646 63707573 		.ascii	"cpussVersion\000"
 3185      73566572 
 3185      73696F6E 
 3185      00
 3186              	.LASF390:
 3187 1653 636F756E 		.ascii	"countInputMode\000"
 3187      74496E70 
 3187      75744D6F 
 3187      646500
 3188              	.LASF222:
 3189 1662 6770696F 		.ascii	"gpioVersion\000"
 3189      56657273 
 3189      696F6E00 
 3190              	.LASF1:
 3191 166e 4E6F6E4D 		.ascii	"NonMaskableInt_IRQn\000"
 3191      61736B61 
 3191      626C6549 
 3191      6E745F49 
 3191      52516E00 
 3192              	.LASF157:
ARM GAS  C:\Users\29928\AppData\Local\Temp\ccFg793O.s 			page 78


 3193 1682 74637077 		.ascii	"tcpwm_1_interrupts_20_IRQn\000"
 3193      6D5F315F 
 3193      696E7465 
 3193      72727570 
 3193      74735F32 
 3194              	.LASF221:
 3195 169d 666C6173 		.ascii	"flashcVersion\000"
 3195      68635665 
 3195      7273696F 
 3195      6E00
 3196              	.LASF243:
 3197 16ab 70726F74 		.ascii	"protBusMasterMask\000"
 3197      4275734D 
 3197      61737465 
 3197      724D6173 
 3197      6B00
 3198              	.LASF86:
 3199 16bd 7363625F 		.ascii	"scb_6_interrupt_IRQn\000"
 3199      365F696E 
 3199      74657272 
 3199      7570745F 
 3199      4952516E 
 3200              	.LASF376:
 3201 16d2 636F756E 		.ascii	"countDirection\000"
 3201      74446972 
 3201      65637469 
 3201      6F6E00
 3202              	.LASF336:
 3203 16e1 43595F53 		.ascii	"CY_SAR_RANGE_COND_ABOVE\000"
 3203      41525F52 
 3203      414E4745 
 3203      5F434F4E 
 3203      445F4142 
 3204              	.LASF325:
 3205 16f9 43595F43 		.ascii	"CY_CRYPTO_HW_NOT_ENABLED\000"
 3205      52595054 
 3205      4F5F4857 
 3205      5F4E4F54 
 3205      5F454E41 
 3206              	.LASF76:
 3207 1712 63707573 		.ascii	"cpuss_interrupts_ipc_12_IRQn\000"
 3207      735F696E 
 3207      74657272 
 3207      75707473 
 3207      5F697063 
 3208              	.LASF53:
 3209 172f 696F7373 		.ascii	"ioss_interrupts_gpio_14_IRQn\000"
 3209      5F696E74 
 3209      65727275 
 3209      7074735F 
 3209      6770696F 
 3210              	.LASF70:
 3211 174c 63707573 		.ascii	"cpuss_interrupts_ipc_6_IRQn\000"
 3211      735F696E 
 3211      74657272 
 3211      75707473 
 3211      5F697063 
ARM GAS  C:\Users\29928\AppData\Local\Temp\ccFg793O.s 			page 79


 3212              	.LASF331:
 3213 1768 68774572 		.ascii	"hwErrorStatus\000"
 3213      726F7253 
 3213      74617475 
 3213      7300
 3214              	.LASF367:
 3215 1776 74784C65 		.ascii	"txLeftToTransmit\000"
 3215      6674546F 
 3215      5472616E 
 3215      736D6974 
 3215      00
 3216              	.LASF47:
 3217 1787 696F7373 		.ascii	"ioss_interrupts_gpio_8_IRQn\000"
 3217      5F696E74 
 3217      65727275 
 3217      7074735F 
 3217      6770696F 
 3218              	.LASF407:
 3219 17a3 63727970 		.ascii	"cryptoConfig\000"
 3219      746F436F 
 3219      6E666967 
 3219      00
 3220              	.LASF282:
 3221 17b0 63707573 		.ascii	"cpussCm4PwrCtlOffset\000"
 3221      73436D34 
 3221      50777243 
 3221      746C4F66 
 3221      66736574 
 3222              	.LASF181:
 3223 17c5 736D6966 		.ascii	"smif_interrupt_IRQn\000"
 3223      5F696E74 
 3223      65727275 
 3223      70745F49 
 3223      52516E00 
 3224              	.LASF82:
 3225 17d9 7363625F 		.ascii	"scb_2_interrupt_IRQn\000"
 3225      325F696E 
 3225      74657272 
 3225      7570745F 
 3225      4952516E 
 3226              	.LASF396:
 3227 17ee 6D697363 		.ascii	"miscConfig\000"
 3227      436F6E66 
 3227      696700
 3228              	.LASF42:
 3229 17f9 696F7373 		.ascii	"ioss_interrupts_gpio_3_IRQn\000"
 3229      5F696E74 
 3229      65727275 
 3229      7074735F 
 3229      6770696F 
 3230              	.LASF103:
 3231 1815 63707573 		.ascii	"cpuss_interrupts_dw0_14_IRQn\000"
 3231      735F696E 
 3231      74657272 
 3231      75707473 
 3231      5F647730 
 3232              	.LASF239:
ARM GAS  C:\Users\29928\AppData\Local\Temp\ccFg793O.s 			page 80


 3233 1832 70617373 		.ascii	"passSarChannels\000"
 3233      53617243 
 3233      68616E6E 
 3233      656C7300 
 3234              	.LASF316:
 3235 1842 63795F73 		.ascii	"cy_stc_crypto_hw_error_t\000"
 3235      74635F63 
 3235      72797074 
 3235      6F5F6877 
 3235      5F657272 
 3236              	.LASF111:
 3237 185b 63707573 		.ascii	"cpuss_interrupts_dw1_6_IRQn\000"
 3237      735F696E 
 3237      74657272 
 3237      75707473 
 3237      5F647731 
 3238              	.LASF159:
 3239 1877 74637077 		.ascii	"tcpwm_1_interrupts_22_IRQn\000"
 3239      6D5F315F 
 3239      696E7465 
 3239      72727570 
 3239      74735F32 
 3240              	.LASF89:
 3241 1892 63707573 		.ascii	"cpuss_interrupts_dw0_0_IRQn\000"
 3241      735F696E 
 3241      74657272 
 3241      75707473 
 3241      5F647730 
 3242              	.LASF284:
 3243 18ae 63707573 		.ascii	"cpussTrimRomCtlOffset\000"
 3243      73547269 
 3243      6D526F6D 
 3243      43746C4F 
 3243      66667365 
 3244              	.LASF342:
 3245 18c4 73616D70 		.ascii	"sampleTime23\000"
 3245      6C655469 
 3245      6D653233 
 3245      00
 3246              	.LASF160:
 3247 18d1 74637077 		.ascii	"tcpwm_1_interrupts_23_IRQn\000"
 3247      6D5F315F 
 3247      696E7465 
 3247      72727570 
 3247      74735F32 
 3248              	.LASF301:
 3249 18ec 696E7472 		.ascii	"intrPriority\000"
 3249      5072696F 
 3249      72697479 
 3249      00
 3250              	.LASF173:
 3251 18f9 7564625F 		.ascii	"udb_interrupts_12_IRQn\000"
 3251      696E7465 
 3251      72727570 
 3251      74735F31 
 3251      325F4952 
 3252              	.LASF5:
ARM GAS  C:\Users\29928\AppData\Local\Temp\ccFg793O.s 			page 81


 3253 1910 53797354 		.ascii	"SysTick_IRQn\000"
 3253      69636B5F 
 3253      4952516E 
 3253      00
 3254              	.LASF12:
 3255 191d 4E766963 		.ascii	"NvicMux6_IRQn\000"
 3255      4D757836 
 3255      5F495251 
 3255      6E00
 3256              	.LASF223:
 3257 192b 6873696F 		.ascii	"hsiomVersion\000"
 3257      6D566572 
 3257      73696F6E 
 3257      00
 3258              	.LASF106:
 3259 1938 63707573 		.ascii	"cpuss_interrupts_dw1_1_IRQn\000"
 3259      735F696E 
 3259      74657272 
 3259      75707473 
 3259      5F647731 
 3260              	.LASF292:
 3261 1954 69706353 		.ascii	"ipcStructSize\000"
 3261      74727563 
 3261      7453697A 
 3261      6500
 3262              	.LASF198:
 3263 1962 6C6F6E67 		.ascii	"long unsigned int\000"
 3263      20756E73 
 3263      69676E65 
 3263      6420696E 
 3263      7400
 3264              	.LASF315:
 3265 1974 6572726F 		.ascii	"errorStatus1\000"
 3265      72537461 
 3265      74757331 
 3265      00
 3266              	.LASF132:
 3267 1981 74637077 		.ascii	"tcpwm_0_interrupts_3_IRQn\000"
 3267      6D5F305F 
 3267      696E7465 
 3267      72727570 
 3267      74735F33 
 3268              	.LASF403:
 3269 199b 54696D65 		.ascii	"Timer_config\000"
 3269      725F636F 
 3269      6E666967 
 3269      00
 3270              	.LASF288:
 3271 19a8 63707573 		.ascii	"cpussRomCtl\000"
 3271      73526F6D 
 3271      43746C00 
 3272              	.LASF93:
 3273 19b4 63707573 		.ascii	"cpuss_interrupts_dw0_4_IRQn\000"
 3273      735F696E 
 3273      74657272 
 3273      75707473 
 3273      5F647730 
ARM GAS  C:\Users\29928\AppData\Local\Temp\ccFg793O.s 			page 82


 3274              	.LASF294:
 3275 19d0 63795F73 		.ascii	"cy_stc_device_t\000"
 3275      74635F64 
 3275      65766963 
 3275      655F7400 
 3276              	.LASF142:
 3277 19e0 74637077 		.ascii	"tcpwm_1_interrupts_5_IRQn\000"
 3277      6D5F315F 
 3277      696E7465 
 3277      72727570 
 3277      74735F35 
 3278              	.LASF169:
 3279 19fa 7564625F 		.ascii	"udb_interrupts_8_IRQn\000"
 3279      696E7465 
 3279      72727570 
 3279      74735F38 
 3279      5F495251 
 3280              	.LASF211:
 3281 1a10 75646242 		.ascii	"udbBase\000"
 3281      61736500 
 3282              	.LASF255:
 3283 1a18 64774368 		.ascii	"dwChOffset\000"
 3283      4F666673 
 3283      657400
 3284              	.LASF305:
 3285 1a23 61637175 		.ascii	"acquireNotifierChannel\000"
 3285      6972654E 
 3285      6F746966 
 3285      69657243 
 3285      68616E6E 
 3286              	.LASF281:
 3287 1a3a 63707573 		.ascii	"cpussCm0StatusOffset\000"
 3287      73436D30 
 3287      53746174 
 3287      75734F66 
 3287      66736574 
 3288              	.LASF340:
 3289 1a4f 73616D70 		.ascii	"sampleCtrl\000"
 3289      6C654374 
 3289      726C00
 3290              	.LASF303:
 3291 1a5a 63795F63 		.ascii	"cy_crypto_callback_ptr_t\000"
 3291      72797074 
 3291      6F5F6361 
 3291      6C6C6261 
 3291      636B5F70 
 3292              	.LASF155:
 3293 1a73 74637077 		.ascii	"tcpwm_1_interrupts_18_IRQn\000"
 3293      6D5F315F 
 3293      696E7465 
 3293      72727570 
 3293      74735F31 
 3294              	.LASF137:
 3295 1a8e 74637077 		.ascii	"tcpwm_1_interrupts_0_IRQn\000"
 3295      6D5F315F 
 3295      696E7465 
 3295      72727570 
ARM GAS  C:\Users\29928\AppData\Local\Temp\ccFg793O.s 			page 83


 3295      74735F30 
 3296              	.LASF164:
 3297 1aa8 7564625F 		.ascii	"udb_interrupts_3_IRQn\000"
 3297      696E7465 
 3297      72727570 
 3297      74735F33 
 3297      5F495251 
 3298              	.LASF188:
 3299 1abe 756E7369 		.ascii	"unsigned char\000"
 3299      676E6564 
 3299      20636861 
 3299      7200
 3300              	.LASF18:
 3301 1acc 4E766963 		.ascii	"NvicMux12_IRQn\000"
 3301      4D757831 
 3301      325F4952 
 3301      516E00
 3302              	.LASF197:
 3303 1adb 5F5F7569 		.ascii	"__uint32_t\000"
 3303      6E743332 
 3303      5F7400
 3304              	.LASF295:
 3305 1ae6 63795F69 		.ascii	"cy_israddress\000"
 3305      73726164 
 3305      64726573 
 3305      7300
 3306              	.LASF318:
 3307 1af4 43595F43 		.ascii	"CY_CRYPTO_HW_ERROR\000"
 3307      52595054 
 3307      4F5F4857 
 3307      5F455252 
 3307      4F5200
 3308              	.LASF391:
 3309 1b07 636F756E 		.ascii	"countInput\000"
 3309      74496E70 
 3309      757400
 3310              	.LASF80:
 3311 1b12 7363625F 		.ascii	"scb_0_interrupt_IRQn\000"
 3311      305F696E 
 3311      74657272 
 3311      7570745F 
 3311      4952516E 
 3312              	.LASF68:
 3313 1b27 63707573 		.ascii	"cpuss_interrupts_ipc_4_IRQn\000"
 3313      735F696E 
 3313      74657272 
 3313      75707473 
 3313      5F697063 
 3314              	.LASF32:
 3315 1b43 4E766963 		.ascii	"NvicMux26_IRQn\000"
 3315      4D757832 
 3315      365F4952 
 3315      516E00
 3316              	.LASF389:
 3317 1b52 73746F70 		.ascii	"stopInput\000"
 3317      496E7075 
 3317      7400
ARM GAS  C:\Users\29928\AppData\Local\Temp\ccFg793O.s 			page 84


 3318              	.LASF133:
 3319 1b5c 74637077 		.ascii	"tcpwm_0_interrupts_4_IRQn\000"
 3319      6D5F305F 
 3319      696E7465 
 3319      72727570 
 3319      74735F34 
 3320              	.LASF249:
 3321 1b76 666C6173 		.ascii	"flashEraseDelay\000"
 3321      68457261 
 3321      73654465 
 3321      6C617900 
 3322              	.LASF94:
 3323 1b86 63707573 		.ascii	"cpuss_interrupts_dw0_5_IRQn\000"
 3323      735F696E 
 3323      74657272 
 3323      75707473 
 3323      5F647730 
 3324              	.LASF323:
 3325 1ba2 43595F43 		.ascii	"CY_CRYPTO_SERVER_BUSY\000"
 3325      52595054 
 3325      4F5F5345 
 3325      52564552 
 3325      5F425553 
 3326              	.LASF27:
 3327 1bb8 4E766963 		.ascii	"NvicMux21_IRQn\000"
 3327      4D757832 
 3327      315F4952 
 3327      516E00
 3328              	.LASF397:
 3329 1bc7 636C6B44 		.ascii	"clkDivider\000"
 3329      69766964 
 3329      657200
 3330              	.LASF7:
 3331 1bd2 4E766963 		.ascii	"NvicMux1_IRQn\000"
 3331      4D757831 
 3331      5F495251 
 3331      6E00
 3332              	.LASF21:
 3333 1be0 4E766963 		.ascii	"NvicMux15_IRQn\000"
 3333      4D757831 
 3333      355F4952 
 3333      516E00
 3334              	.LASF117:
 3335 1bef 63707573 		.ascii	"cpuss_interrupts_dw1_12_IRQn\000"
 3335      735F696E 
 3335      74657272 
 3335      75707473 
 3335      5F647731 
 3336              	.LASF339:
 3337 1c0c 6374726C 		.ascii	"ctrl\000"
 3337      00
 3338              	.LASF319:
 3339 1c11 43595F43 		.ascii	"CY_CRYPTO_SIZE_NOT_X16\000"
 3339      52595054 
 3339      4F5F5349 
 3339      5A455F4E 
 3339      4F545F58 
ARM GAS  C:\Users\29928\AppData\Local\Temp\ccFg793O.s 			page 85


 3340              	.LASF401:
 3341 1c28 4144435F 		.ascii	"ADC_currentConfig\000"
 3341      63757272 
 3341      656E7443 
 3341      6F6E6669 
 3341      6700
 3342              	.LASF55:
 3343 1c3a 696F7373 		.ascii	"ioss_interrupt_vdd_IRQn\000"
 3343      5F696E74 
 3343      65727275 
 3343      70745F76 
 3343      64645F49 
 3344              	.LASF192:
 3345 1c52 5F5F7569 		.ascii	"__uint8_t\000"
 3345      6E74385F 
 3345      7400
 3346              	.LASF78:
 3347 1c5c 63707573 		.ascii	"cpuss_interrupts_ipc_14_IRQn\000"
 3347      735F696E 
 3347      74657272 
 3347      75707473 
 3347      5F697063 
 3348              	.LASF0:
 3349 1c79 52657365 		.ascii	"Reset_IRQn\000"
 3349      745F4952 
 3349      516E00
 3350              	.LASF245:
 3351 1c84 666C6173 		.ascii	"flashRwwRequired\000"
 3351      68527777 
 3351      52657175 
 3351      69726564 
 3351      00
 3352              	.LASF274:
 3353 1c95 6770696F 		.ascii	"gpioPrtCfgOffset\000"
 3353      50727443 
 3353      66674F66 
 3353      66736574 
 3353      00
 3354              	.LASF240:
 3355 1ca6 65704D6F 		.ascii	"epMonitorNr\000"
 3355      6E69746F 
 3355      724E7200 
 3356              	.LASF400:
 3357 1cb2 55415254 		.ascii	"UART_context\000"
 3357      5F636F6E 
 3357      74657874 
 3357      00
 3358              	.LASF306:
 3359 1cbf 72656C65 		.ascii	"releaseNotifierChannel\000"
 3359      6173654E 
 3359      6F746966 
 3359      69657243 
 3359      68616E6E 
 3360              	.LASF2:
 3361 1cd6 48617264 		.ascii	"HardFault_IRQn\000"
 3361      4661756C 
 3361      745F4952 
ARM GAS  C:\Users\29928\AppData\Local\Temp\ccFg793O.s 			page 86


 3361      516E00
 3362              	.LASF191:
 3363 1ce5 7369676E 		.ascii	"signed char\000"
 3363      65642063 
 3363      68617200 
 3364              	.LASF373:
 3365 1cf1 70657269 		.ascii	"period\000"
 3365      6F6400
 3366              	.LASF177:
 3367 1cf8 70617373 		.ascii	"pass_interrupt_sar_IRQn\000"
 3367      5F696E74 
 3367      65727275 
 3367      70745F73 
 3367      61725F49 
 3368              	.LASF161:
 3369 1d10 7564625F 		.ascii	"udb_interrupts_0_IRQn\000"
 3369      696E7465 
 3369      72727570 
 3369      74735F30 
 3369      5F495251 
 3370              	.LASF228:
 3371 1d26 63707573 		.ascii	"cpussIpcIrqNr\000"
 3371      73497063 
 3371      4972714E 
 3371      7200
 3372              	.LASF186:
 3373 1d34 64697363 		.ascii	"disconnected_IRQn\000"
 3373      6F6E6E65 
 3373      63746564 
 3373      5F495251 
 3373      6E00
 3374              	.LASF372:
 3375 1d46 63795F73 		.ascii	"cy_stc_tcpwm_counter_config\000"
 3375      74635F74 
 3375      6370776D 
 3375      5F636F75 
 3375      6E746572 
 3376              	.LASF23:
 3377 1d62 4E766963 		.ascii	"NvicMux17_IRQn\000"
 3377      4D757831 
 3377      375F4952 
 3377      516E00
 3378              	.LASF414:
 3379 1d71 6D61696E 		.ascii	"main\000"
 3379      00
 3380              	.LASF147:
 3381 1d76 74637077 		.ascii	"tcpwm_1_interrupts_10_IRQn\000"
 3381      6D5F315F 
 3381      696E7465 
 3381      72727570 
 3381      74735F31 
 3382              	.LASF44:
 3383 1d91 696F7373 		.ascii	"ioss_interrupts_gpio_5_IRQn\000"
 3383      5F696E74 
 3383      65727275 
 3383      7074735F 
 3383      6770696F 
ARM GAS  C:\Users\29928\AppData\Local\Temp\ccFg793O.s 			page 87


 3384              	.LASF73:
 3385 1dad 63707573 		.ascii	"cpuss_interrupts_ipc_9_IRQn\000"
 3385      735F696E 
 3385      74657272 
 3385      75707473 
 3385      5F697063 
 3386              	.LASF413:
 3387 1dc9 5F5F656E 		.ascii	"__enable_irq\000"
 3387      61626C65 
 3387      5F697271 
 3387      00
 3388              	.LASF225:
 3389 1dd6 70657269 		.ascii	"periVersion\000"
 3389      56657273 
 3389      696F6E00 
 3390              	.LASF369:
 3391 1de2 696E6974 		.ascii	"initKey\000"
 3391      4B657900 
 3392              	.LASF122:
 3393 1dea 63707573 		.ascii	"cpuss_interrupts_fault_1_IRQn\000"
 3393      735F696E 
 3393      74657272 
 3393      75707473 
 3393      5F666175 
 3394              	.LASF352:
 3395 1e08 636F6E66 		.ascii	"configRouting\000"
 3395      6967526F 
 3395      7574696E 
 3395      6700
 3396              	.LASF215:
 3397 1e16 70617373 		.ascii	"passBase\000"
 3397      42617365 
 3397      00
 3398              	.LASF252:
 3399 1e1f 666C6173 		.ascii	"flashCtlMainWs2Freq\000"
 3399      6843746C 
 3399      4D61696E 
 3399      57733246 
 3399      72657100 
 3400              	.LASF39:
 3401 1e33 696F7373 		.ascii	"ioss_interrupts_gpio_0_IRQn\000"
 3401      5F696E74 
 3401      65727275 
 3401      7074735F 
 3401      6770696F 
 3402              	.LASF100:
 3403 1e4f 63707573 		.ascii	"cpuss_interrupts_dw0_11_IRQn\000"
 3403      735F696E 
 3403      74657272 
 3403      75707473 
 3403      5F647730 
 3404              	.LASF14:
 3405 1e6c 4E766963 		.ascii	"NvicMux8_IRQn\000"
 3405      4D757838 
 3405      5F495251 
 3405      6E00
 3406              	.LASF254:
ARM GAS  C:\Users\29928\AppData\Local\Temp\ccFg793O.s 			page 88


 3407 1e7a 666C6173 		.ascii	"flashCtlMainWs4Freq\000"
 3407      6843746C 
 3407      4D61696E 
 3407      57733446 
 3407      72657100 
 3408              	.LASF108:
 3409 1e8e 63707573 		.ascii	"cpuss_interrupts_dw1_3_IRQn\000"
 3409      735F696E 
 3409      74657272 
 3409      75707473 
 3409      5F647731 
 3410              	.LASF349:
 3411 1eaa 72616E67 		.ascii	"rangeIntrMask\000"
 3411      65496E74 
 3411      724D6173 
 3411      6B00
 3412              	.LASF134:
 3413 1eb8 74637077 		.ascii	"tcpwm_0_interrupts_5_IRQn\000"
 3413      6D5F305F 
 3413      696E7465 
 3413      72727570 
 3413      74735F35 
 3414              	.LASF338:
 3415 1ed2 63795F65 		.ascii	"cy_en_sar_range_detect_condition_t\000"
 3415      6E5F7361 
 3415      725F7261 
 3415      6E67655F 
 3415      64657465 
 3416              	.LASF150:
 3417 1ef5 74637077 		.ascii	"tcpwm_1_interrupts_13_IRQn\000"
 3417      6D5F315F 
 3417      696E7465 
 3417      72727570 
 3417      74735F31 
 3418              	.LASF9:
 3419 1f10 4E766963 		.ascii	"NvicMux3_IRQn\000"
 3419      4D757833 
 3419      5F495251 
 3419      6E00
 3420              	.LASF123:
 3421 1f1e 63707573 		.ascii	"cpuss_interrupt_crypto_IRQn\000"
 3421      735F696E 
 3421      74657272 
 3421      7570745F 
 3421      63727970 
 3422              	.LASF309:
 3423 1f3a 75736572 		.ascii	"userGetDataHandler\000"
 3423      47657444 
 3423      61746148 
 3423      616E646C 
 3423      657200
 3424              	.LASF129:
 3425 1f4d 74637077 		.ascii	"tcpwm_0_interrupts_0_IRQn\000"
 3425      6D5F305F 
 3425      696E7465 
 3425      72727570 
 3425      74735F30 
ARM GAS  C:\Users\29928\AppData\Local\Temp\ccFg793O.s 			page 89


 3426              	.LASF224:
 3427 1f67 69706356 		.ascii	"ipcVersion\000"
 3427      65727369 
 3427      6F6E00
 3428              	.LASF67:
 3429 1f72 63707573 		.ascii	"cpuss_interrupts_ipc_3_IRQn\000"
 3429      735F696E 
 3429      74657272 
 3429      75707473 
 3429      5F697063 
 3430              	.LASF347:
 3431 1f8e 696E7472 		.ascii	"intrMask\000"
 3431      4D61736B 
 3431      00
 3432              	.LASF261:
 3433 1f97 70657269 		.ascii	"periTrCmdOffset\000"
 3433      5472436D 
 3433      644F6666 
 3433      73657400 
 3434              	.LASF363:
 3435 1fa7 72784275 		.ascii	"rxBufSize\000"
 3435      6653697A 
 3435      6500
 3436              	.LASF385:
 3437 1fb1 72656C6F 		.ascii	"reloadInput\000"
 3437      6164496E 
 3437      70757400 
 3438              	.LASF127:
 3439 1fbd 63707573 		.ascii	"cpuss_interrupts_cm4_cti_0_IRQn\000"
 3439      735F696E 
 3439      74657272 
 3439      75707473 
 3439      5F636D34 
 3440              	.LASF139:
 3441 1fdd 74637077 		.ascii	"tcpwm_1_interrupts_2_IRQn\000"
 3441      6D5F315F 
 3441      696E7465 
 3441      72727570 
 3441      74735F32 
 3442              		.ident	"GCC: (GNU Tools for ARM Embedded Processors) 5.4.1 20160609 (release) [ARM/embedded-5-bran
